date,temp_mean,hdd,cdd,precip_total,precip_days,extreme_precip_days,snow_total,extreme_heat_days,extreme_cold_days,wind_mean,cloud_cover_mean,city_count,temp_anom
2000-01-01,38.35576539589443,816.8,0.5454545454545454,4.195,10.681818181818182,1.1363636363636365,40.05409090909091,0.0,19.0,14.32748973607038,48.981519061583576,22,-2.1214026271855175
2000-02-01,46.34049197928508,522.2615384615384,0.08461538461538418,2.1157692307692306,5.961538461538462,0.23076923076923078,6.169615384615384,0.0,10.192307692307692,12.9839538335228,42.528344069723374,26,2.3175172044647283
2000-03-01,54.55336320191159,332.71111111111117,10.651851851851852,2.915185185185185,7.037037037037037,0.8888888888888888,0.0,0.0,2.4444444444444446,13.781821040055334,45.298906810035845,27,3.32455312452354
2000-04-01,57.06760989010989,247.34230769230768,10.503846153846155,5.013076923076923,12.346153846153847,0.6538461538461539,0.0,0.0,0.19230769230769232,15.062344322344323,57.90438644688644,26,-3.378848026982965
2000-05-01,70.12083973374295,20.76666666666667,175.32222222222222,1.9592592592592595,6.814814814814815,0.3333333333333333,0.0,1.9259259259259258,0.0,13.328587548121599,42.141434829606865,27,1.8424055850987315
2000-06-01,75.60003367003367,2.6666666666666665,314.25925925925924,3.497777777777778,9.666666666666666,0.4074074074074074,0.0,8.25925925925926,0.0,11.887962962962964,49.817356902356906,27,0.18561971450688475
2000-07-01,76.01163860333214,0.7923076923076929,333.83076923076925,4.597307692307693,11.0,1.3076923076923077,0.0,3.6153846153846154,0.0,11.294582874680497,59.09310794044665,26,-1.7994398073841893
2000-08-01,75.09342413381124,0.8185185185185191,308.58148148148143,6.3062962962962965,12.222222222222221,1.8148148148148149,0.0,4.407407407407407,0.0,10.757751710654938,54.40633771405815,27,-1.6611918835969135
2000-09-01,68.48368223295759,51.529629629629625,154.39999999999998,7.834074074074074,10.814814814814815,2.037037037037037,0.0,0.07407407407407407,0.0,10.775499438832773,57.93593129361245,27,-2.613619993679464
2000-10-01,59.642852184378874,188.4,24.457142857142856,0.07571428571428572,0.75,0.0,0.0,0.0,0.6071428571428571,10.07706213841364,23.80051060555232,28,-0.9747084350165807
2000-11-01,48.27820512820513,505.49615384615385,3.8423076923076924,3.9596153846153848,9.153846153846153,0.8846153846153846,1.333076923076923,0.0,6.730769230769231,10.910512820512821,42.64858974358974,26,-2.052155470475327
2000-12-01,35.23537220843672,921.7807692307692,0.08846153846153836,1.7019230769230769,7.730769230769231,0.23076923076923078,0.6361538461538461,0.0,23.423076923076923,12.653701406120762,47.58291563275434,26,-8.532947671471454
2001-01-01,40.200951812027085,767.6074074074074,0.04074074074074053,1.907037037037037,6.962962962962963,0.25925925925925924,0.0,0.0,18.037037037037038,12.296794105933891,44.134938271604945,27,-0.2762162110528621
2001-02-01,46.7477733686067,507.6925925925926,0.25925925925925924,2.512592592592593,9.11111111111111,0.2962962962962963,0.3496296296296296,0.0,9.444444444444445,12.677711640211639,52.06728395061728,27,2.724798593786346
2001-03-01,47.77323775388292,534.8814814814815,0.8518518518518524,6.518888888888888,11.11111111111111,2.0,0.0,0.0,7.222222222222222,14.938231780167264,48.53667861409797,27,-3.4555723235051303
2001-04-01,60.76130952380952,195.46785714285713,68.30714285714285,1.7860714285714285,5.857142857142857,0.2857142857142857,0.0,0.10714285714285714,0.75,14.084285714285715,41.50833333333333,28,0.31485160671666534
2001-05-01,67.5805210918114,30.56923076923077,110.5653846153846,3.595769230769231,11.307692307692308,0.46153846153846156,0.0,0.23076923076923078,0.0,11.75744416873449,47.87555831265509,26,-0.6979130568328173
2001-06-01,75.39075091575091,0.615384615384616,311.63461538461536,4.8161538461538465,10.038461538461538,1.3461538461538463,0.0,2.230769230769231,0.0,11.369166666666665,49.46410256410257,26,-0.02366303977586881
2001-07-01,75.19888337468983,0.04230769230769209,316.2076923076923,5.184615384615385,12.653846153846153,1.0769230769230769,0.0,2.1538461538461537,0.0,11.162779156327543,53.62952853598016,26,-2.612195036026506
2001-08-01,77.28644777265744,0.8571428571428569,381.3,5.261071428571428,10.464285714285714,1.5714285714285714,0.0,6.821428571428571,0.0,9.892919024801673,34.44600230414746,28,0.5318317552492857
2001-09-01,67.33298850574712,61.39655172413793,131.38620689655173,3.506896551724138,8.413793103448276,0.8620689655172413,0.0,0.0,0.0,10.054292508917955,36.90287356321839,29,-3.7643137208899304
2001-10-01,58.15655172413793,240.77241379310345,28.83103448275862,1.2837931034482757,3.689655172413793,0.3448275862068966,0.0,0.0,2.1724137931034484,11.294824261951339,19.73044864664442,29,-2.461008895257528
2001-11-01,55.27722156163298,298.2206896551724,7.058620689655172,1.086551724137931,4.068965517241379,0.2413793103448276,0.0,0.0,3.7586206896551726,10.373575108997226,26.493063812921125,29,4.94686096295252
2001-12-01,47.52718852912651,539.1517241379311,0.8620689655172429,2.9765517241379307,7.0344827586206895,0.6206896551724138,0.0,0.034482758620689655,9.482758620689655,11.412605275703163,35.57299284371798,29,3.7588686492183356
2002-01-01,43.391033026113675,670.657142857143,1.5607142857142857,5.426071428571428,12.071428571428571,1.5714285714285714,13.746428571428572,0.0,16.678571428571427,11.610894777265745,37.282549923195084,28,2.9138650030337274
2002-02-01,44.185303776683085,577.5241379310345,1.8000000000000005,1.5575862068965518,4.620689655172414,0.1724137931034483,0.0,0.0,12.689655172413794,13.553409385532799,29.12766830870279,29,0.16232900186273014
2002-03-01,51.382740081572116,423.7103448275862,6.889655172413794,4.457241379310345,12.03448275862069,0.7586206896551724,0.0,0.0,7.0,12.89947626992955,45.0630376344086,29,0.153930004184069
2002-04-01,63.35825726394098,140.34137931034482,92.42068965517241,1.2462068965517241,6.413793103448276,0.13793103448275862,0.0,0.896551724137931,0.6551724137931034,12.787570657642,36.655390103356815,29,2.9117993468481203
2002-05-01,66.35041674657666,89.58275862068966,134.0344827586207,2.891034482758621,8.310344827586206,0.3103448275862069,0.0,0.5517241379310345,0.06896551724137931,12.079753749376703,39.58799681638602,29,-1.9280174020675673
2002-06-01,75.85596880131364,1.4931034482758623,326.1620689655173,3.2413793103448274,7.931034482758621,0.7241379310344828,0.0,8.379310344827585,0.0,11.299712643678161,32.017380952380954,29,0.4415548457868539
2002-07-01,78.72914349276974,0.15862068965517223,423.71724137931034,5.165517241379311,11.137931034482758,1.5517241379310345,0.0,13.379310344827585,0.0,10.070485724879497,36.07391916944753,29,0.9180650820534026
2002-08-01,76.84559472210502,0.8620689655172413,367.1,6.1210344827586205,11.137931034482758,1.6896551724137931,0.0,13.862068965517242,0.0,10.612508150818918,37.84925396033908,29,0.09097870469686598
2002-09-01,72.21695423623996,2.400000000000001,217.54999999999998,4.3532142857142855,9.321428571428571,1.3571428571428572,0.0,1.0,0.0,10.167747371675944,46.933191867656156,28,1.119652009602902
2002-10-01,61.18009571074087,188.03928571428574,71.41071428571429,6.846071428571428,12.535714285714286,1.4642857142857142,0.0,0.25,0.03571428571428571,9.36666962070188,61.18483693725629,28,0.562535091345417
2002-11-01,48.43261227902532,493.55357142857144,3.6142857142857143,4.651428571428572,8.5,1.3928571428571428,0.0,0.0,4.857142857142857,11.77525481764612,40.388682114986466,28,-1.8977483196551361
2002-12-01,40.462282200884474,755.6379310344828,0.0,4.679655172413794,10.137931034482758,0.7931034482758621,2.416551724137931,0.0,14.448275862068966,11.956257058715728,41.90044522294532,29,-3.306037679023703
2003-01-01,36.88457373271889,870.3642857142858,0.0,2.205357142857143,7.535714285714286,0.14285714285714285,2.8160714285714286,0.0,20.0,13.118629032258065,38.802377112135176,28,-3.592594290361056
2003-02-01,41.49533388067871,655.7793103448275,0.10344827586206896,4.487586206896553,12.689655172413794,0.9310344827586207,1.2389655172413794,0.0,11.689655172413794,13.2022030651341,55.30838806787082,29,-2.5276408941416477
2003-03-01,52.91309232480534,375.3724137931034,2.927586206896552,6.179655172413794,13.310344827586206,1.8620689655172413,0.0,0.0,3.3448275862068964,12.661197626992955,53.58118279569893,29,1.6842822474172934
2003-04-01,58.458,214.18965517241378,19.53103448275862,6.41,10.586206896551724,2.206896551724138,0.0,0.0,0.10344827586206896,12.675394371779628,44.57325564803805,29,-1.988457917092859
2003-05-01,65.52620133481646,66.92068965517241,83.44137931034481,7.741379310344827,15.172413793103448,2.413793103448276,0.0,0.3793103448275862,0.0,11.9002929180571,56.40033092324805,29,-2.75223281382776
2003-06-01,72.54601824087956,4.872413793103449,227.0310344827586,6.043103448275862,13.10344827586207,1.9655172413793103,0.0,1.4482758620689655,0.0,10.575259870064967,43.775968265867064,29,-2.868395714647221
2003-07-01,76.1899721226603,0.15555555555555592,346.562962962963,9.21037037037037,16.185185185185187,2.6666666666666665,0.0,3.037037037037037,0.0,11.01926722421346,41.6416089207487,27,-1.6211062880560405
2003-08-01,76.60855712696647,1.157142857142857,359.4928571428572,9.352142857142857,14.892857142857142,3.3214285714285716,0.0,2.9285714285714284,0.0,9.003464166534245,41.58700540282854,28,-0.14605889044167952
2003-09-01,69.03951090781139,23.725,144.51785714285714,4.813928571428571,8.785714285714286,1.5714285714285714,0.0,0.2857142857142857,0.0,11.327354269293924,38.54163675815153,28,-2.0577913188256645
2003-10-01,59.078930875576035,192.25714285714284,10.128571428571433,3.3725,8.75,0.6071428571428571,0.0,0.0,0.25,10.573672811059907,42.68237788018433,28,-1.5386297438194205
2003-11-01,55.40903911564626,308.73928571428576,21.85357142857143,2.1157142857142857,6.035714285714286,0.35714285714285715,0.0,0.0,3.8214285714285716,11.3084268707483,37.70986394557823,28,5.078678516965802
2003-12-01,40.31638173469097,756.2620689655172,0.0,3.676206896551724,8.206896551724139,1.103448275862069,0.16275862068965516,0.0,18.551724137931036,11.953645931376743,36.44447249080174,29,-3.4519381452172055
2004-01-01,38.217676102699144,819.5392857142857,0.8857142857142851,1.592857142857143,6.714285714285714,0.10714285714285714,5.6639285714285705,0.0,21.464285714285715,13.141233953258723,34.167484090410355,28,-2.2594919203808033
2004-02-01,40.48734975369458,706.2571428571429,0.0,4.117142857142857,9.392857142857142,0.9285714285714286,10.571428571428571,0.0,15.75,12.480630541871921,42.93802955665024,28,-3.5356250211257745
2004-03-01,53.0636798088411,378.4074074074074,8.381481481481478,2.134074074074074,8.481481481481481,0.037037037037037035,0.26222222222222225,0.0,3.925925925925926,13.500955794504181,44.2026284348865,27,1.834869731453054
2004-04-01,60.10404761904762,196.48571428571427,49.607142857142854,2.407857142857143,6.107142857142857,0.5,0.0,0.0,0.39285714285714285,13.770357142857142,37.47202380952381,28,-0.3424102980452375
2004-05-01,71.78003246753246,26.825,237.31428571428572,4.0164285714285715,11.071428571428571,0.8571428571428571,0.0,2.4285714285714284,0.03571428571428571,11.39662232928362,36.50360284876414,28,3.5015983188882416
2004-06-01,74.18880952380952,1.774999999999999,277.43928571428575,5.716785714285714,15.357142857142858,1.4285714285714286,0.0,2.607142857142857,0.0,10.456190476190475,51.71940476190476,28,-1.225604431717258
2004-07-01,77.61922633817794,0.13214285714285726,388.925,6.6917857142857144,13.392857142857142,2.0,0.0,7.857142857142857,0.0,9.622106522509748,39.76895161290322,28,-0.19185207253839565
2004-08-01,73.94051326871127,2.6103448275862067,278.7,7.767241379310345,13.068965517241379,2.4827586206896552,0.0,1.103448275862069,0.0,9.985293182901637,44.29142300969331,29,-2.8141027486968824
2004-09-01,69.81071428571428,14.492857142857144,159.82500000000002,8.233214285714286,10.071428571428571,2.9642857142857144,0.0,0.0,0.10714285714285714,10.86845238095238,45.92595238095238,28,-1.2865879409227716
2004-10-01,61.74782325188907,133.1551724137931,32.52413793103448,1.7751724137931033,7.862068965517241,0.3103448275862069,0.0,0.06896551724137931,0.034482758620689655,9.099509033025202,52.64195082658893,29,1.1302626324936185
2004-11-01,52.862857142857145,373.8607142857143,12.089285714285714,3.775,9.821428571428571,1.1428571428571428,0.0,0.0,4.714285714285714,10.418142857142858,41.08202380952381,28,2.532496544176688
2004-12-01,42.14964994682737,704.3678571428571,0.6464285714285722,2.4828571428571427,6.642857142857143,0.6428571428571429,0.3796428571428571,0.0,16.535714285714285,12.588993264799717,31.003580290677064,28,-1.6186699330808096
2005-01-01,43.329103766089304,669.44375,1.5031249999999998,2.16,7.0625,0.6875,0.7743749999999999,0.0,14.0625,11.93681111453202,39.122856497298585,32,2.8519357430093564
2005-02-01,44.472458791208794,573.6375,0.0,3.2018750000000002,9.5625,0.34375,0.0,0.0,9.875,11.562122252747253,43.23074347527473,32,0.44948401638843904
2005-03-01,48.1443497983871,515.89375,0.296875,3.980625,11.25,0.6875,0.0,0.0,9.65625,13.702313508064517,40.729586693548384,32,-3.0844602790009503
2005-04-01,59.01544384057971,197.709375,19.340625,2.9771875,11.0625,0.5,0.0,0.0,0.125,13.864678442028985,37.93239583333333,32,-1.4310140765131507
2005-05-01,64.5694819424965,75.95,62.059375,2.705625,9.53125,0.28125,0.0,0.03125,0.0,10.964467917251051,40.548584326788216,32,-3.7089522061477282
2005-06-01,73.94434523809524,7.7437499999999995,274.175,4.9753125,12.75,1.15625,0.0,2.53125,0.0,9.260714285714286,45.6146875,32,-1.4700687174315448
2005-07-01,79.1074708781362,0.0,435.709375,6.2690625,14.25,1.6875,0.0,12.4375,0.0,9.308958625525946,34.69672565710872,32,1.2963924674198637
2005-08-01,78.18387096774192,0.0,408.70000000000005,3.648387096774193,10.258064516129032,0.967741935483871,0.0,11.161290322580646,0.0,8.542351716961498,34.1732570239334,31,1.429254950333771
2005-09-01,73.49397849462366,3.2516129032258068,258.0709677419355,1.670967741935484,6.032258064516129,0.25806451612903225,0.0,3.5161290322580645,0.0,10.540860215053764,31.671290322580642,31,2.3966762679866065
2005-10-01,61.45421436004162,169.56129032258065,59.641935483870974,4.7616129032258065,7.0,1.6129032258064515,0.0,0.0,0.8387096774193549,10.112174817898024,42.90770031217482,31,0.8366537406461632
2005-11-01,52.368397435897435,383.103125,6.059375000000001,3.524375,8.0625,0.9375,0.0,0.0,6.75,11.364991987179486,32.21340544871795,32,2.0380368372169784
2005-12-01,39.60884072580645,785.515625,0.0,4.05875,10.15625,1.5625,0.0,0.0,18.9375,10.525117607526882,35.51146841397849,32,-4.159479154101724
2006-01-01,47.35868648899334,532.8689655172413,0.10689655172413773,2.4951724137931035,10.379310344827585,0.3793103448275862,0.0,0.0,7.482758620689655,13.603842096117479,43.01085878771606,29,6.881518465913395
2006-02-01,43.214843159486016,608.1892857142857,0.0,1.4828571428571429,7.357142857142857,0.03571428571428571,0.16857142857142857,0.0,13.642857142857142,13.243428760393046,39.2895313681028,28,-0.8081316153343394
2006-03-01,51.50961125388363,425.5344827586207,12.23103448275862,1.0248275862068965,6.0,0.0,0.0,0.0,5.206896551724138,13.872994738726298,37.16849053226446,29,0.28080117649557934
2006-04-01,62.85715517241379,124.41428571428571,60.646428571428565,3.280357142857143,8.5,0.5357142857142857,0.0,0.17857142857142858,0.14285714285714285,12.95723668777856,32.49065065681445,28,2.410697255320933
2006-05-01,65.25797923618836,91.36551724137931,99.76896551724137,2.2958620689655174,7.793103448275862,0.3793103448275862,0.0,0.8275862068965517,0.0,11.881277963168953,40.15607300292506,29,-3.020454912455861
2006-06-01,73.45880434782609,3.0035714285714294,256.75357142857143,7.375357142857142,12.821428571428571,2.0714285714285716,0.0,2.8214285714285716,0.0,10.982391304347827,42.016982401656314,28,-1.9556096077006941
2006-07-01,78.17498079877112,0.6142857142857144,407.34285714285716,4.201071428571429,10.0,1.1428571428571428,0.0,12.785714285714286,0.0,10.397206221198157,31.899783986175116,28,0.3639023880547825
2006-08-01,78.14527252502782,0.13793103448275862,407.64137931034486,5.416896551724138,10.689655172413794,1.5517241379310345,0.0,10.310344827586206,0.0,10.066407119021134,41.693659621802,29,1.390656507619667
2006-09-01,68.31512987012988,31.114285714285717,131.12142857142857,5.705357142857143,9.857142857142858,1.3214285714285714,0.0,0.0,0.0,10.260465367965368,47.991883116883116,28,-2.782172356507175
2006-10-01,57.88278828327771,241.60344827586206,21.24827586206897,3.2065517241379307,9.413793103448276,0.6896551724137931,0.0,0.0,0.896551724137931,11.116032628846867,38.758509454949944,29,-2.734772336117743
2006-11-01,51.716379310344834,397.0586206896552,1.4275862068965504,5.9382758620689655,8.137931034482758,2.3448275862068964,0.0,0.0,4.206896551724138,11.575948275862068,39.89459770114943,29,1.3860187116643772
2006-12-01,47.01635944700461,559.975,2.482142857142857,2.6942857142857144,5.214285714285714,1.0,0.0,0.0,10.892857142857142,10.424504107393307,33.443894009216585,28,3.248039567096434
2007-01-01,44.25324120818003,639.5241379310345,0.49655172413793025,3.4320689655172414,7.275862068965517,0.4482758620689655,0.16275862068965516,0.0,14.793103448275861,13.222989361398707,39.09821311428653,29,3.7760731851000813
2007-02-01,39.610771125426304,709.0413793103448,0.0,1.9679310344827585,4.896551724137931,0.27586206896551724,0.0,0.0,16.93103448275862,13.866398256915499,36.19665593027662,29,-4.412203649394051
2007-03-01,55.203908557400936,328.9655172413793,25.92758620689655,2.922758620689655,4.655172413793103,1.0,0.0,0.0,4.724137931034483,13.681205170495954,32.17942541521231,29,3.975098480012889
2007-04-01,58.715893777249306,238.8137931034483,50.55517241379311,3.233103448275862,6.689655172413793,1.0,0.0,0.0,3.310344827586207,14.411375346809354,32.11527942925089,29,-1.7305641398435512
2007-05-01,67.58486095661847,55.265517241379314,135.30344827586208,1.306551724137931,6.275862068965517,0.20689655172413793,0.0,1.1379310344827587,0.0,11.36938450129774,33.69327400815721,29,-0.6935731920257524
2007-06-01,74.6951724137931,1.986206896551725,292.01724137931035,3.6020689655172413,11.137931034482758,1.1724137931034482,0.0,7.172413793103448,0.0,11.058333333333334,36.589999999999996,29,-0.7192415417336804
2007-07-01,76.09777958415333,1.006896551724138,342.696551724138,3.253103448275862,9.689655172413794,0.5172413793103449,0.0,6.896551724137931,0.0,10.571840506545735,36.59645332420639,29,-1.7132988265630047
2007-08-01,81.605537016438,0.0,512.6551724137931,0.8872413793103449,4.862068965517241,0.06896551724137931,0.0,21.620689655172413,0.0,10.10550405800684,24.742429860338646,29,4.850920999029853
2007-09-01,73.31551020408163,9.610714285714284,259.075,1.6457142857142857,2.7142857142857144,0.75,0.0,7.928571428571429,0.0,10.23829081632653,27.305816326530614,28,2.218207977444578
2007-10-01,65.22290731719791,107.52758620689656,116.82413793103449,3.908620689655172,7.0,1.1724137931034482,0.0,1.1379310344827587,0.27586206896551724,9.77570896142585,36.54618909260609,29,4.605346697802453
2007-11-01,49.767019704433494,456.5620689655172,0.7172413793103453,0.6120689655172413,4.413793103448276,0.0,0.0,0.0,5.9655172413793105,11.624614121510673,30.732660098522167,29,-0.5633408942469629
2007-12-01,47.41724508713385,546.3551724137931,1.9586206896551719,3.566206896551724,8.413793103448276,0.7931034482758621,0.0,0.0,7.0,12.02061920652577,45.808342602892104,29,3.6489252072256733
2008-01-01,40.24321097515758,766.393103448276,0.0034482758620687694,1.3003448275862068,6.275862068965517,0.06896551724137931,0.976551724137931,0.0,16.586206896551722,12.338974339304208,36.352343344456806,29,-0.2339570479223667
2008-02-01,46.246176131966855,542.9275862068965,1.534482758620689,2.867241379310345,8.517241379310345,0.7931034482758621,0.2717241379310345,0.0,8.931034482758621,13.984232049273668,41.679724628654476,29,2.2232013571465004
2008-03-01,52.18540229885057,396.9068965517242,2.772413793103449,3.721379310344828,8.10344827586207,1.0,0.0,0.0,3.7586206896551726,14.707204713055658,35.820416924154415,29,0.9565922214625218
2008-04-01,59.00213282247765,201.74137931034483,22.29310344827586,3.906206896551724,11.10344827586207,0.5517241379310345,0.0,0.0,0.3793103448275862,12.415019157088123,51.77441890166028,29,-1.444325094615209
2008-05-01,66.18936678614098,44.63448275862069,82.00344827586207,2.6910344827586203,9.448275862068966,0.5517241379310345,0.0,0.20689655172413793,0.0,13.959638281217813,38.14678037325423,29,-2.0890673625032434
2008-06-01,78.03928571428571,0.8785714285714283,392.0571428571429,2.9017857142857144,8.678571428571429,0.6071428571428571,0.0,13.142857142857142,0.0,11.349285714285713,25.332261904761904,28,2.6248717587589283
2008-07-01,76.88629032258065,0.3642857142857144,368.6642857142857,4.888214285714286,12.178571428571429,0.9642857142857143,0.0,7.142857142857143,0.0,10.938517665130567,32.063682795698924,28,-0.9247880881356849
2008-08-01,76.02281105990782,0.5749999999999995,342.28214285714284,5.713928571428572,10.071428571428571,1.4285714285714286,0.0,5.892857142857143,0.0,9.863479262672811,37.36808755760369,28,-0.73180495750033
2008-09-01,70.55436781609195,17.110344827586207,183.74137931034485,5.415517241379311,8.379310344827585,2.103448275862069,0.0,0.27586206896551724,0.0,11.146436781609195,44.10885057471265,29,-0.5429344105451008
2008-10-01,57.49603685792938,248.3241379310345,18.520689655172415,1.416551724137931,5.620689655172414,0.13793103448275862,0.0,0.0,1.6206896551724137,10.464970214473494,28.724929408744757,29,-3.1215237614660722
2008-11-01,47.415059523809525,521.0428571428571,1.2392857142857139,3.2607142857142857,8.75,0.6428571428571429,0.16857142857142857,0.0,10.392857142857142,11.617678571428572,36.11190476190476,28,-2.915301074870932
2008-12-01,46.24082843370941,573.8517241379309,0.5620689655172417,2.886896551724138,11.0,1.0,0.0,0.0,11.379310344827585,12.250838232957255,49.55847303882621,29,2.4725085538012337
2009-01-01,39.08028408990589,793.3310344827586,0.006896551724138029,2.2717241379310344,7.413793103448276,0.3103448275862069,1.8751724137931036,0.0,17.586206896551722,11.955689743453926,41.506213988499866,29,-1.3968839331740597
2009-02-01,44.10615763546798,585.0275862068966,0.0,1.7324137931034485,6.448275862068965,0.034482758620689655,0.04068965517241379,0.0,13.068965517241379,14.280295566502463,32.56896551724138,29,0.08318286064762503
2009-03-01,50.106595291064146,466.3379310344827,8.696551724137931,4.383103448275862,10.586206896551724,0.7586206896551724,2.590344827586207,0.0,5.172413793103448,12.397274749721912,45.32017982944012,29,-1.1222147863239016
2009-04-01,60.425188834154355,175.71724137931034,40.11034482758621,2.153448275862069,8.310344827586206,0.41379310344827586,0.0,0.41379310344827586,0.27586206896551724,13.867504105090312,38.55226600985222,29,-0.021269082938502493
2009-05-01,68.09259547645533,47.786206896551725,143.63103448275862,4.840344827586207,15.275862068965518,0.8275862068965517,0.0,0.3103448275862069,0.0,12.049662588060809,51.83733036707453,29,-0.18583867218889338
2009-06-01,76.03316091954022,0.10689655172413773,325.8758620689655,3.813103448275862,8.724137931034482,1.1379310344827587,0.0,5.551724137931035,0.0,10.40725287356322,36.816310344827585,29,0.6187469640134395
2009-07-01,75.86616530444456,0.6896551724137931,336.14827586206894,2.99,12.03448275862069,0.5517241379310345,0.0,5.724137931034483,0.0,10.665531750253907,43.128142380422695,29,-1.9449131062717697
2009-08-01,77.21221714603527,0.417857142857143,378.0964285714286,3.159642857142857,12.214285714285714,0.4642857142857143,0.0,8.321428571428571,0.0,9.512144843476879,40.47100495259283,28,0.4576011286271182
2009-09-01,69.53270364817591,15.444827586206898,151.29999999999998,3.147586206896552,9.137931034482758,0.5172413793103449,0.0,0.13793103448275862,0.0,9.663538230884557,48.85142428785607,29,-1.564598578461144
2009-10-01,59.49739454094293,203.96153846153845,33.38076923076923,2.8596153846153842,11.76923076923077,0.4230769230769231,0.0,0.0,0.23076923076923078,10.326923076923077,52.64813895781637,26,-1.1201660784525274
2009-11-01,52.367586206896554,379.49310344827586,0.5206896551724136,5.961379310344827,10.517241379310345,1.9310344827586208,0.0,0.0,0.8620689655172413,11.076321839080459,44.21310344827587,29,2.0372256082160973
2009-12-01,40.09052988168673,763.5586206896552,0.38620689655172424,5.560344827586207,10.620689655172415,1.7586206896551724,1.0041379310344827,0.0,17.482758620689655,11.284755789260794,41.88813833552432,29,-3.6777899982214493
2010-01-01,36.65932195192726,870.3655172413793,0.0,4.086896551724138,7.862068965517241,1.3448275862068966,3.449310344827586,0.0,20.551724137931036,12.60614692653673,36.35060695458722,29,-3.8178460711526867
2010-02-01,36.93902116402116,784.6392857142857,0.0,3.0892857142857144,8.607142857142858,1.0,3.6285714285714286,0.0,19.785714285714285,12.822165532879819,44.617261904761904,28,-7.083953610799192
2010-03-01,50.977733959588804,430.55357142857144,0.0,3.7782142857142853,10.0,0.8214285714285714,0.7032142857142857,0.0,4.821428571428571,12.848453562566466,45.0331531371854,28,-0.25107611779924355
2010-04-01,62.85365726227795,119.16551724137932,56.599999999999994,1.5496551724137932,5.344827586206897,0.2413793103448276,0.0,0.2413793103448276,0.0,11.94993614303959,25.562171136653895,29,2.4071993451850915
2010-05-01,70.45985663082436,29.062962962962963,198.31851851851854,3.9059259259259256,11.148148148148149,0.8518518518518519,0.0,1.8518518518518519,0.0,11.21995221027479,47.53440860215054,27,2.181422482180139
2010-06-01,79.0419540229885,0.031034482758620887,421.2896551724138,2.756896551724138,8.448275862068966,0.7241379310344828,0.0,13.931034482758621,0.0,10.77551724137931,29.540689655172415,29,3.627540067461723
2010-07-01,79.97093071099407,0.010714285714285612,462.75,3.700357142857143,9.821428571428571,1.0357142857142858,0.0,17.142857142857142,0.0,10.238791968400264,31.897514812376563,28,2.159852300277734
2010-08-01,78.53626251390433,0.07931034482758612,419.70344827586206,3.3889655172413793,9.275862068965518,1.0344827586206897,0.0,11.03448275862069,0.0,8.811012235817575,40.193659621802,29,1.7816464964961796
2010-09-01,73.78639513576546,5.672413793103448,267.88275862068963,6.045172413793104,7.0344827586206895,2.1724137931034484,0.0,8.724137931034482,0.0,10.525777111444278,30.798690099394747,29,2.689092909128405
2010-10-01,61.33649949218938,150.27931034482756,38.327586206896555,2.337241379310345,6.310344827586207,0.5172413793103449,0.0,0.0,0.10344827586206896,11.394902548725636,24.269255694733282,29,0.7189388727939274
2010-11-01,49.88845238095239,453.55357142857144,0.20714285714285705,3.031428571428571,6.428571428571429,0.32142857142857145,0.0,0.0,4.678571428571429,10.479047619047618,30.166071428571428,28,-0.44190821772807
2010-12-01,33.65305985297345,960.3571428571429,0.0,4.325714285714286,6.714285714285714,0.39285714285714285,32.76142857142857,0.0,27.0,11.693576914636822,40.009196565723066,28,-10.115260026934727
2011-01-01,37.0819543082057,863.6307692307693,0.0,1.6284615384615386,8.615384615384615,0.19230769230769232,24.462307692307693,0.0,23.192307692307693,11.072460853940274,40.981060152305986,26,-3.395213714874245
2011-02-01,47.17195767195767,501.0777777777778,1.8925925925925935,2.572592592592593,7.074074074074074,0.2222222222222222,85.22814814814814,0.0,9.703703703703704,13.218783068783068,36.53597883597883,27,3.1489828971373157
2011-03-01,51.5442054958184,426.5074074074074,9.37777777777778,4.715185185185185,10.703703703703704,1.037037037037037,89.93777777777777,0.0,4.407407407407407,12.723416965352449,46.837037037037035,27,0.3153954184303558
2011-04-01,62.63738095238095,138.1,67.22142857142858,2.985,8.821428571428571,0.5714285714285714,187.16785714285714,0.0,0.07142857142857142,14.963849206349206,37.12928571428571,28,2.190923035288094
2011-05-01,68.26417050691245,53.653571428571425,154.84285714285716,3.9625,11.357142857142858,0.6785714285714286,13.117857142857144,3.392857142857143,0.0,10.393748933265062,44.4213133640553,28,-0.014263641731773191
2011-06-01,77.33749999999999,0.610714285714286,370.7357142857143,2.9557142857142855,9.357142857142858,0.6071428571428571,46.652857142857144,12.285714285714286,0.0,11.19547619047619,25.010357142857142,28,1.9230860444732087
2011-07-01,80.22718894009218,0.36785714285714277,472.4107142857143,4.394642857142857,10.642857142857142,1.5357142857142858,21.73785714285714,17.642857142857142,0.0,10.104377880184332,33.839170506912446,28,2.4161105293758425
2011-08-01,77.75473131065168,0.4724137931034481,394.96206896551723,5.32551724137931,10.0,1.4482758620689655,27.88448275862069,10.137931034482758,0.0,10.648755322005293,32.30861493613594,29,1.0001152932435247
2011-09-01,70.64747126436781,24.886206896551723,194.31034482758622,5.530344827586207,11.689655172413794,1.8275862068965518,9.136551724137933,0.9310344827586207,0.0,9.410344827586206,50.73862068965518,29,-0.449830962269246
2011-10-01,57.69955506117908,241.51379310344825,15.200000000000001,2.9482758620689653,7.793103448275862,0.5172413793103449,14.268275862068965,0.0,0.6551724137931034,11.500667408231367,29.450500556173527,29,-2.9180055582163718
2011-11-01,52.445747126436785,383.28275862068966,6.655172413793103,3.9675862068965517,8.068965517241379,1.2413793103448276,17.41793103448276,0.0,4.206896551724138,11.806206896551725,34.875402298850574,29,2.1153865277563284
2011-12-01,47.24516129032258,550.8620689655172,0.4620689655172416,2.3572413793103446,6.9655172413793105,0.20689655172413793,0.0,0.0,9.344827586206897,11.245494994438264,35.84549499443826,29,3.4768414104144014
2012-01-01,44.26671301446051,640.5931034482759,0.0,2.0851724137931034,9.137931034482758,0.10344827586206896,48.35724137931035,0.034482758620689655,11.724137931034482,12.515489432703003,40.99110122358176,29,3.7895449913805592
2012-02-01,46.184898929845424,546.4379310344827,0.8,1.8613793103448277,9.10344827586207,0.0,108.85241379310345,0.0,9.413793103448276,12.335196195005945,43.728537455410226,29,2.161924155025069
2012-03-01,59.33003337041156,201.3310344827586,25.56206896551724,3.7993103448275862,12.620689655172415,0.5517241379310345,24.965862068965517,0.0,2.0689655172413794,11.966852057842047,40.595328142380424,29,8.101223293023516
2012-04-01,59.752873563218394,187.67241379310346,30.25862068965517,2.4717241379310346,9.448275862068966,0.3103448275862069,12.992068965517241,0.0,0.1724137931034483,12.810459770114942,41.82310344827586,29,-0.6935843538744635
2012-05-01,69.9448275862069,18.50689655172414,171.79655172413794,5.930689655172414,12.413793103448276,1.4827586206896552,7.9962068965517235,0.3793103448275862,0.0,10.583426028921023,45.29021134593994,29,1.6663934375626752
2012-06-01,73.35275862068966,6.286206896551724,256.86896551724135,2.320689655172414,7.413793103448276,0.41379310344827586,5.512068965517242,6.0,0.0,10.592068965517242,35.1832183908046,29,-2.061655334837127
2012-07-01,79.85094549499443,0.20344827586206915,460.5827586206896,4.842068965517241,13.137931034482758,1.3793103448275863,18.435862068965516,17.344827586206897,0.0,10.66551724137931,36.149721913236924,29,2.0398670842781
2012-08-01,75.29699666295883,0.5965517241379307,319.803448275862,5.468965517241379,12.758620689655173,1.5172413793103448,0.0,3.1379310344827585,0.0,9.090100111234706,45.54794215795329,29,-1.4576193544493208
2012-09-01,69.1244827586207,23.486206896551725,147.2206896551724,5.576896551724138,10.448275862068966,1.7241379310344827,3.1768965517241377,1.4482758620689655,0.0,9.248045977011493,40.551034482758624,29,-1.972819468016354
2012-10-01,58.8523915461624,219.7896551724138,29.21379310344828,2.2496551724137928,7.689655172413793,0.27586206896551724,17.17310344827586,0.0,0.0,10.649054505005562,41.8448275862069,29,-1.7651690732330536
2012-11-01,46.311149425287354,560.6724137931035,0.006896551724138029,0.6655172413793103,3.9310344827586206,0.034482758620689655,0.0,0.0,7.931034482758621,10.604137931034483,31.191609195402297,29,-4.019211173393103
2012-12-01,47.51212458286985,542.5310344827586,0.4068965517241383,3.3824137931034484,9.89655172413793,1.0,42.12517241379311,0.0,7.0344827586206895,11.517908787541712,51.186651835372636,29,3.7438047029616754
2013-01-01,43.997775305895445,652.4241379310345,1.3551724137931047,4.496206896551724,10.724137931034482,1.3793103448275863,66.04724137931034,0.0,13.724137931034482,11.385455103371562,46.70111234705228,29,3.5206072828154973
2013-02-01,41.58411330049261,655.6448275862069,0.0,3.446206896551724,10.793103448275861,0.5172413793103449,8.254137931034483,0.0,11.89655172413793,12.49667487684729,41.82931034482758,29,-2.4388614743277444
2013-03-01,44.739933259176865,628.3586206896553,0.29655172413793035,2.679310344827586,8.10344827586207,0.1724137931034483,3.828275862068965,0.0,11.206896551724139,13.576418242491657,43.11868743047831,29,-6.488876818211182
2013-04-01,59.72816091954023,196.3793103448276,38.224137931034484,4.134137931034482,9.689655172413794,0.9655172413793104,7.412413793103449,0.0,0.20689655172413793,12.452413793103448,43.07298850574712,29,-0.7182969975526277
2013-05-01,65.69766407119022,88.48620689655172,110.11379310344829,3.9282758620689657,10.413793103448276,1.0689655172413792,11.933103448275862,0.034482758620689655,0.0,11.789877641824248,46.6098998887653,29,-2.580770077454005
2013-06-01,74.25425287356322,0.46896551724137914,278.0965517241379,8.84551724137931,16.724137931034484,2.1379310344827585,37.32,1.896551724137931,0.0,11.379770114942529,49.5335632183908,29,-1.1601610819635653
2013-07-01,76.59321468298108,0.16206896551724123,359.55172413793105,7.283103448275862,17.275862068965516,1.896551724137931,0.0,2.689655172413793,0.0,9.799110122358176,55.53715239154616,29,-1.2178637277352493
2013-08-01,74.20367074527253,2.951724137931034,288.2655172413793,4.860344827586207,12.448275862068966,0.9310344827586207,22.168965517241382,2.2413793103448274,0.0,9.402780867630701,47.2194660734149,29,-2.550945272135621
2013-09-01,69.21436781609195,26.32758620689655,152.75862068965517,2.6051724137931034,5.9655172413793105,0.7241379310344828,0.0,0.4827586206896552,0.0,9.084597701149425,40.67666666666666,29,-1.8829344105451042
2013-10-01,60.94004449388209,167.31034482758622,41.45172413793103,1.5479310344827586,6.620689655172414,0.3793103448275862,0.0,0.0,1.1724137931034482,9.630367074527253,49.30645161290323,29,0.32248387448663607
2013-11-01,47.29459770114942,534.8,3.637931034482758,3.15,8.10344827586207,0.9310344827586207,15.408620689655173,0.0,10.827586206896552,11.664597701149425,37.63540229885058,29,-3.0357628975310362
2013-12-01,45.437708565072306,614.5379310344829,8.106896551724136,5.573103448275862,11.586206896551724,1.7586206896551724,0.0,0.0,13.551724137931034,10.773192436040045,46.74905450500556,29,1.6693886851641295
2014-01-01,35.28242491657397,921.2896551724139,0.044827586206896454,2.8137931034482757,9.310344827586206,0.5862068965517241,19.87448275862069,0.0,22.448275862068964,12.769299221357063,35.169299221357065,29,-5.194743106505975
2014-02-01,42.74236453201971,623.2620689655172,0.048275862068965225,2.7151724137931033,9.241379310344827,0.20689655172413793,23.730000000000004,0.0,12.551724137931034,12.640147783251233,44.402955665024635,29,-1.2806102428006483
2014-03-01,46.07502780867631,585.9413793103448,0.0,4.245172413793103,11.827586206896552,1.1379310344827587,48.69758620689655,0.0,12.96551724137931,14.219047089358547,41.131575824990726,29,-5.153782268711737
2014-04-01,60.15632183908046,175.83448275862068,30.524137931034485,5.321724137931035,9.931034482758621,1.9655172413793103,15.788620689655172,0.0,0.5862068965517241,13.708505747126438,36.67540229885057,29,-0.29013607801239516
2014-05-01,69.35884315906563,33.186206896551724,168.31034482758622,3.554137931034483,6.793103448275862,1.3448275862068966,14.417586206896551,0.8620689655172413,0.0,11.462847608453838,32.033704115684095,29,1.0804090104214055
2014-06-01,75.52666666666666,0.48620689655172417,316.2862068965518,3.524137931034483,11.344827586206897,0.5172413793103449,15.177931034482759,5.551724137931035,0.0,10.039425287356321,40.53758620689655,29,0.1122527111398739
2014-07-01,76.10333704115683,1.4482758620689655,345.651724137931,5.026551724137931,11.517241379310345,1.4137931034482758,0.0,6.379310344827586,0.0,10.360622914349277,45.18576195773082,29,-1.7077413695594998
2014-08-01,74.43248053392658,0.8310344827586202,293.23793103448276,7.965862068965517,10.724137931034482,2.103448275862069,8.036896551724137,2.5517241379310347,0.0,9.213125695216908,48.52903225806451,29,-2.322135483481574
2014-09-01,70.40689655172413,16.55862068965517,178.7655172413793,6.131724137931034,13.206896551724139,1.7586206896551724,0.0,2.413793103448276,0.0,9.765402298850574,57.60793103448276,29,-0.6904056749129239
2014-10-01,61.41624026696329,153.151724137931,42.0551724137931,2.2399999999999998,7.655172413793103,0.20689655172413793,0.0,0.0,0.034482758620689655,11.222246941045606,33.059733036707456,29,0.7986796475678375
2014-11-01,46.080689655172414,568.5862068965517,1.0068965517241375,3.4455172413793105,7.310344827586207,1.0,22.128620689655172,0.0,11.655172413793103,11.952873563218391,36.48287356321839,29,-4.249670943508043
2014-12-01,44.38142380422692,639.2275862068966,0.05172413793103448,3.0644827586206898,9.793103448275861,0.5172413793103449,2.823793103448276,0.0,8.0,10.451056729699667,50.282758620689656,29,0.613103924318743
2015-01-01,39.396218020022246,794.3620689655172,0.6448275862068962,2.9479310344827585,8.586206896551724,0.5517241379310345,1.0593103448275862,0.0,18.137931034482758,12.070300333704116,40.84149054505006,29,-1.0809500030577013
2015-02-01,35.03128078817734,839.1241379310344,0.0,2.822413793103448,10.620689655172415,0.06896551724137931,8.138620689655172,0.0,22.20689655172414,14.028940886699507,43.060960591133004,29,-8.991693986643014
2015-03-01,51.291212458286985,427.95517241379315,2.982758620689656,2.832413793103448,12.03448275862069,0.10344827586206896,1.0448275862068965,0.0,4.793103448275862,12.786651835372636,51.756952169076754,29,0.06240238089893779
2015-04-01,60.80458333333333,157.98749999999998,32.125,4.925625,13.3125,1.1875,0.0,0.0,0.25,12.637708333333334,50.01322916666666,32,0.3581254162404761
2015-05-01,69.95494994438265,26.117241379310343,179.72068965517244,2.3651724137931036,7.0,0.41379310344827586,0.0,0.10344827586206896,0.0,11.058064516129033,37.53036707452725,29,1.6765157957384247
2015-06-01,77.69634958382878,3.1413793103448273,383.67241379310343,4.667586206896552,12.10344827586207,1.2413793103448276,0.0,12.931034482758621,0.0,10.986768837803321,39.869242964724535,29,2.2819356283019943
2015-07-01,78.77508342602893,0.0034482758620687694,427.0310344827586,4.182068965517241,12.517241379310345,0.9310344827586207,0.0,10.241379310344827,0.0,10.58420467185762,41.06685205784205,29,0.9640050153125941
2015-08-01,76.25628476084539,0.1758620689655173,349.12068965517244,4.991724137931034,10.206896551724139,1.4137931034482758,0.0,5.724137931034483,0.0,9.262625139043381,45.09432703003337,29,-0.4983312565627642
2015-09-01,71.3583908045977,12.365517241379312,203.11724137931037,5.176551724137931,12.827586206896552,1.2758620689655173,0.0,2.0689655172413794,0.0,10.401379310344828,52.12620689655173,29,0.2610885779606491
2015-10-01,59.175862068965515,195.91379310344828,15.36551724137931,5.641034482758621,8.344827586206897,2.0,0.0,0.0,0.6551724137931034,11.241601779755284,40.624805339265855,29,-1.4416985504299404
2015-11-01,54.34931034482759,328.35862068965514,8.837931034482759,7.0120689655172415,11.275862068965518,2.7241379310344827,0.0,0.0,3.7241379310344827,10.081724137931035,49.5248275862069,29,4.018949746147136
2015-12-01,54.35817575083426,346.451724137931,16.555172413793102,7.230689655172414,12.862068965517242,2.5172413793103448,0.21724137931034482,0.0,4.206896551724138,10.482091212458288,50.12080088987764,29,10.589855870926087
2016-01-01,38.01451612903226,836.5500000000001,0.0,2.3525,7.571428571428571,0.32142857142857145,2.962142857142857,0.0,20.607142857142858,12.614861751152075,36.31209677419355,28,-2.4626518940476885
2016-02-01,42.99125615763547,638.4892857142858,0.23571428571428601,5.038928571428571,9.5,1.5714285714285714,1.8985714285714288,0.0,14.035714285714286,14.425738916256156,48.4737684729064,28,-1.031718617184886
2016-03-01,57.16152073732719,266.72857142857146,23.735714285714288,2.1835714285714287,11.0,0.39285714285714285,0.08428571428571428,0.0,2.75,13.830990783410138,41.04850230414746,28,5.93271065993914
2016-04-01,59.988214285714285,191.85,41.496428571428574,2.440714285714286,8.107142857142858,0.17857142857142858,0.08428571428571428,0.0,1.6428571428571428,14.00607142857143,34.821309523809525,28,-0.45824363137857205
2016-05-01,66.26463133640553,70.35357142857143,109.55714285714285,5.985714285714286,14.821428571428571,1.4642857142857142,0.0,0.03571428571428571,0.0,11.444239631336405,54.31601382488479,28,-2.013802812238694
2016-06-01,76.145,0.889285714285715,335.23928571428576,3.82,10.75,0.8928571428571429,0.0,6.392857142857143,0.0,11.492738095238096,36.871547619047625,28,0.7305860444732133
2016-07-01,80.02995391705069,0.0,465.92857142857144,5.5789285714285715,12.25,1.7142857142857142,0.0,17.5,0.0,10.784907834101384,36.44539170506913,28,2.2188755063343564
2016-08-01,79.07538137613221,0.010714285714285612,435.07857142857137,3.9657142857142857,11.25,0.7857142857142857,0.0,11.321428571428571,0.0,10.17216748768473,43.74022723661211,28,2.32076535872406
2016-09-01,74.55369047619048,1.8392857142857142,288.45,5.695,8.214285714285714,1.6428571428571428,0.0,5.142857142857143,0.0,10.590952380952382,48.70047619047619,28,3.4563882495534273
2016-10-01,63.06696329254728,107.01379310344828,47.08965517241379,4.635172413793104,3.1379310344827585,0.896551724137931,0.0,0.0,0.0,11.192324805339265,28.558286985539485,29,2.4494026731518233
2016-11-01,52.26747126436781,388.57931034482755,6.603448275862069,1.0827586206896551,4.068965517241379,0.1724137931034483,0.0,0.0,5.448275862068965,10.817471264367816,27.17413793103448,29,1.9371106656873565
2016-12-01,43.84613938859269,654.3827586206896,0.23448275862069004,2.1610344827586205,8.241379310344827,0.27586206896551724,0.0,0.0,10.586206896551724,11.797506808331095,47.16371830769821,29,0.07781950868451304
2017-01-01,45.75554435483871,596.578125,0.0,3.8871875,11.375,0.875,3.0540625,0.0,9.78125,12.918245967741935,48.70201612903226,32,5.278376331758764
2017-02-01,51.66015625,376.671875,3.156250000000001,0.9915625,5.71875,0.0,0.0,0.0,6.375,13.085825892857143,30.136830357142856,32,7.637181475179645
2017-03-01,51.10282258064516,437.615625,6.803125,3.495625,11.59375,0.53125,0.0,0.0,10.0,14.757762096774194,33.93608870967742,32,-0.12598749674288712
2017-04-01,64.015625,108.046875,78.515625,6.831875,11.25,2.34375,0.0,0.03125,0.0625,13.3921875,41.52583333333333,32,3.5691670829071427
2017-05-01,67.89586693548387,52.36875,142.140625,6.4106250000000005,14.84375,1.75,0.0,0.375,0.0,12.651512096774194,37.631350806451614,32,-0.3825672131603568
2017-06-01,73.79822916666666,3.1031249999999986,267.05,5.5996875,12.4375,1.28125,0.0,1.03125,0.0,10.910416666666666,36.71552083333333,32,-1.6161847888601244
2017-07-01,78.6164314516129,0.015625,422.125,6.2765625,11.3125,1.15625,0.0,12.34375,0.0,10.490120967741936,30.54032258064516,32,0.8053530408965628
2017-08-01,75.61088709677419,0.6093749999999998,329.546875,5.421875,12.625,1.6875,0.0,5.15625,0.0,9.81975806451613,40.94153225806451,32,-1.1437289206339614
2017-09-01,69.97885416666666,22.103125000000002,171.46875,3.3921875,6.4375,0.9375,0.0,0.96875,0.0,11.022083333333333,32.1584375,32,-1.1184480599703903
2017-10-01,62.135987903225804,162.809375,74.025,4.7128125,8.34375,1.75,0.0,0.03125,0.1875,10.508266129032258,33.26270161290323,32,1.5184272838303485
2017-11-01,49.80947916666667,456.825,1.1093749999999991,1.318125,7.3125,0.09375,0.0,0.0,6.71875,10.088541666666668,34.62447916666667,32,-0.5208814320137876
2017-12-01,41.97137096774193,713.8875,0.0,2.2040625,6.125,0.40625,1.28875,0.0,14.28125,11.364112903225807,39.784375,32,-1.7969489121662434
2018-01-01,36.539587637057046,879.6241379310344,0.33103448275862096,3.503448275862069,8.068965517241379,1.1379310344827587,5.57551724137931,0.0,21.20689655172414,12.11223184490704,33.46088908310822,29,-3.9375803860229013
2018-02-01,51.641871921182265,386.4793103448276,12.451724137931034,3.4627586206896552,12.310344827586206,0.8620689655172413,0.0,0.0,5.9655172413793105,12.863300492610836,55.705788177339905,29,7.61889714636191
2018-03-01,46.66763070077864,571.1275862068966,2.824137931034482,3.93,10.413793103448276,0.4482758620689655,1.0579310344827586,0.0,7.137931034482759,14.766583560277702,46.317130144605116,29,-4.5611793766094095
2018-04-01,57.50678160919541,239.91379310344828,15.117241379310348,4.993793103448276,8.448275862068966,1.7241379310344827,0.0,0.0,1.0,14.379540229885057,38.39666666666667,29,-2.93967630789745
2018-05-01,72.23626251390434,5.324137931034483,229.64827586206897,6.0600000000000005,13.862068965517242,1.2758620689655173,0.0,1.5517241379310345,0.0,11.277196885428255,45.55450500556173,29,3.957828365260113
2018-06-01,77.06988505747127,0.37586206896551744,362.4724137931035,3.0479310344827586,10.413793103448276,0.41379310344827586,0.0,8.827586206896552,0.0,10.467011494252874,36.76965517241379,29,1.6554711019444852
2018-07-01,77.38976640711903,0.16206896551724148,384.2448275862069,6.158965517241379,11.758620689655173,1.6551724137931034,0.0,9.379310344827585,0.0,10.314015572858732,44.58375973303671,29,-0.4213120035973077
2018-08-01,76.9123271889401,0.5928571428571429,369.875,7.173928571428571,14.142857142857142,2.107142857142857,0.0,7.214285714285714,0.0,9.882603686635944,38.67764976958525,28,0.15771117153194325
2018-09-01,75.4129761904762,0.6214285714285721,313.01071428571424,9.027142857142858,12.678571428571429,2.642857142857143,0.0,3.5,0.0,10.651190476190477,51.02476190476191,28,4.315673963839146
2018-10-01,61.98652073732718,199.97857142857146,106.5607142857143,4.967142857142856,7.75,1.8214285714285714,0.0,0.2857142857142857,0.17857142857142858,10.845622119815669,36.407488479262675,28,1.368960117931728
2018-11-01,47.483125,529.36875,3.8625,5.595,12.46875,1.625,0.0,0.0,7.40625,11.663541666666667,45.5690625,32,-2.847235598680456
2018-12-01,44.62992213570634,631.8724137931034,0.4000000000000008,5.715172413793104,11.206896551724139,1.9310344827586208,8.555517241379311,0.0,11.96551724137931,10.966407119021135,50.54949944382648,29,0.8616022557981609
2019-01-01,41.23477822580645,737.23125,0.5093750000000004,3.3828125,9.28125,0.53125,0.0,0.0,16.0625,12.641431451612904,39.87681451612903,32,0.7576102027265037
2019-02-01,47.60591517857143,491.075,4.040625,4.2787500000000005,11.75,0.6875,0.0,0.03125,4.875,12.318191964285715,49.28404017857143,32,3.582940403751074
2019-03-01,48.850100806451614,502.040625,1.393749999999999,2.4025,9.1875,0.09375,0.0,0.0,5.84375,13.228225806451613,38.365020161290325,32,-2.378709270936433
2019-04-01,61.72052083333333,142.45,44.065625000000004,4.643125,9.5625,1.25,0.0,0.0,1.125,13.39,35.93447916666667,32,1.2740629162404744
2019-05-01,72.43931451612903,15.36875,245.98749999999998,2.4734375,6.90625,0.5,0.0,6.0,0.0,11.954435483870968,32.775,32,4.160880367484808
2019-06-01,74.31333333333333,2.1968750000000004,281.596875,6.1975,13.03125,1.9375,0.0,4.09375,0.0,12.004583333333333,34.93239583333333,32,-1.1010806221934502
2019-07-01,78.78316532258064,0.24375000000000013,427.52187499999997,3.8215625,9.25,0.9375,0.0,14.28125,0.0,10.758165322580645,28.931754032258063,32,0.9720869118643094
2019-08-01,76.06905241935483,1.1906250000000005,344.33125,5.0990625,13.34375,1.03125,0.0,8.03125,0.0,10.264818548387096,35.152016129032255,32,-0.6855635980533208
2019-09-01,75.36697916666667,2.531250000000001,313.540625,1.88,3.625,0.5,0.0,6.875,0.0,9.875833333333334,27.8565625,32,4.269676940029612
2019-10-01,64.38155241935483,106.6375,87.465625,5.6790625,9.75,2.03125,0.0,2.71875,0.03125,10.413810483870968,41.95786290322581,32,3.7639917999593777
2019-11-01,46.7828125,546.596875,0.08124999999999982,3.0975,9.0625,0.65625,0.0,0.0,6.875,11.447916666666666,34.509375,32,-3.5475480986804584
2019-12-01,46.26663306451613,581.953125,1.2187500000000009,3.89375,10.09375,0.65625,0.0,0.0,8.96875,11.587399193548388,36.45665322580645,32,2.4983131846079516
2020-01-01,44.44853372434017,637.8863636363636,0.7909090909090911,4.944999999999999,11.954545454545455,1.1363636363636365,0.0,0.0,11.045454545454545,11.75674486803519,38.965982404692085,22,3.9713657012602255
2020-02-01,46.143730407523506,547.2227272727273,0.39090909090909065,6.77590909090909,13.545454545454545,1.5454545454545454,1.2172727272727273,0.0,10.090909090909092,12.288871473354233,43.70015673981191,22,2.120755632703151
2020-03-01,55.88240469208211,312.71818181818185,30.072727272727274,2.975909090909091,12.0,0.045454545454545456,0.0,0.045454545454545456,2.409090909090909,12.569061583577712,44.366129032258065,22,4.6535946146940645
2020-04-01,57.66181818181818,235.3090909090909,15.163636363636362,5.783181818181818,11.454545454545455,1.7272727272727273,0.0,0.0,0.2727272727272727,14.413333333333332,31.24818181818182,22,-2.7846397352746806
2020-05-01,63.03885630498533,143.51818181818183,82.72272727272728,7.283181818181817,13.181818181818182,2.8636363636363638,0.0,0.0,0.13636363636363635,12.10967741935484,43.48152492668622,22,-5.239577843658893
2020-06-01,73.00651515151516,15.754545454545458,255.95,4.339545454545455,13.272727272727273,1.0,0.0,1.3181818181818181,0.0,10.636818181818182,38.001969696969695,22,-2.407898804011623
2020-07-01,78.50718475073315,0.0,418.72272727272724,4.475909090909091,13.727272727272727,0.7727272727272727,0.0,13.318181818181818,0.0,10.404692082111437,26.174486803519063,22,0.6961063400168115
2020-08-01,75.76759530791789,0.10454545454545473,333.90000000000003,9.59909090909091,18.227272727272727,3.590909090909091,0.0,2.4545454545454546,0.0,9.379032258064516,40.99090909090909,22,-0.9870207094902668
2020-09-01,68.0371212121212,56.463636363636354,147.5772727272727,6.070454545454546,11.318181818181818,2.272727272727273,0.0,1.5454545454545454,0.0,9.56348484848485,42.9969696969697,22,-3.060181014515848
2020-10-01,61.25561442589669,131.70454545454547,25.245454545454546,4.5649999999999995,7.954545454545454,1.6363636363636365,0.0,0.0,0.09090909090909091,8.998268196856905,36.44527163696518,22,0.6380538065012331
2020-11-01,54.466944444444444,325.7,9.708333333333334,6.0625,9.166666666666666,1.6666666666666667,0.0,0.0,3.25,9.292777777777777,33.37722222222222,12,4.136583845763987
2020-12-01,42.24784946236559,705.3166666666666,0.0,5.185,10.083333333333334,1.75,0.0,0.0,14.833333333333334,10.123924731182795,33.497849462365586,12,-1.5204704175425832
2021-01-01,40.2760752688172,766.4416666666667,0.0,5.195,12.583333333333334,1.0833333333333333,0.4925,0.0,16.166666666666668,9.591397849462366,41.23602150537634,12,-0.20109275426274564
