observation_date,XLE
2000-01-01,6.8438496589660645
2000-02-01,6.554120063781738
2000-03-01,7.345000267028809
2000-04-01,7.259614944458008
2000-05-01,8.112071990966797
2000-06-01,7.628878593444824
2000-07-01,7.373669624328613
2000-08-01,8.178927421569824
2000-09-01,8.277613639831543
2000-10-01,8.087430000305176
2000-11-01,7.663236618041992
2000-12-01,8.420439720153809
2001-01-01,8.17650032043457
2001-02-01,8.077247619628906
2001-03-01,7.812588214874268
2001-04-01,8.645439147949219
2001-05-01,8.563759803771973
2001-06-01,7.746946334838867
2001-07-01,7.693576335906982
2001-08-01,7.367876052856445
2001-09-01,6.621604442596436
2001-10-01,6.927056312561035
2001-11-01,6.540214538574219
2001-12-01,6.885792255401611
2002-01-01,6.668158054351807
2002-02-01,6.896041393280029
2002-03-01,7.481283187866211
2002-04-01,7.236287593841553
2002-05-01,7.10896635055542
2002-06-01,6.807562351226807
2002-07-01,5.899719715118408
2002-08-01,5.988595962524414
2002-09-01,5.531152725219727
2002-10-01,5.6637773513793945
2002-11-01,5.897687911987305
2002-12-01,5.868779182434082
2003-01-01,5.751117706298828
2003-02-01,5.920190334320068
2003-03-01,5.896413326263428
2003-04-01,5.876961708068848
2003-05-01,6.501038551330566
2003-06-01,6.3868489265441895
2003-07-01,6.190739154815674
2003-08-01,6.585667610168457
2003-09-01,6.417557239532471
2003-10-01,6.511553287506104
2003-11-01,6.562511920928955
2003-12-01,7.38852071762085
2004-01-01,7.588720798492432
2004-02-01,7.987421035766602
2004-03-01,7.903909683227539
2004-04-01,8.07275676727295
2004-05-01,8.048408508300781
2004-06-01,8.516435623168945
2004-07-01,8.813817024230957
2004-08-01,8.678009033203125
2004-09-01,9.48741340637207
2004-10-01,9.582508087158203
2004-11-01,10.228790283203123
2004-12-01,9.90428638458252
2005-01-01,10.276901245117188
2005-02-01,12.001121520996094
2005-03-01,11.732906341552734
2005-04-01,11.13491153717041
2005-05-01,11.445208549499512
2005-06-01,12.205842971801758
2005-07-01,13.11167812347412
2005-08-01,13.949061393737791
2005-09-01,14.783699989318848
2005-10-01,13.486181259155272
2005-11-01,13.687832832336426
2005-12-01,13.897783279418944
2006-01-01,15.969853401184082
2006-02-01,14.496395111083984
2006-03-01,15.066938400268556
2006-04-01,15.872723579406738
2006-05-01,15.431037902832031
2006-06-01,15.76438808441162
2006-07-01,16.352466583251953
2006-08-01,15.521594047546388
2006-09-01,14.902623176574709
2006-10-01,15.591544151306152
2006-11-01,16.92884635925293
2006-12-01,16.40287971496582
2007-01-01,16.300378799438477
2007-02-01,15.966453552246094
2007-03-01,16.914899826049805
2007-04-01,17.840301513671875
2007-05-01,19.22822570800781
2007-06-01,19.4224796295166
2007-07-01,19.4817008972168
2007-08-01,19.716049194335938
2007-09-01,21.119293212890625
2007-10-01,21.71272850036621
2007-11-01,20.79836082458496
2007-12-01,22.46291160583496
2008-01-01,19.75354385375977
2008-02-01,21.58414459228516
2008-03-01,21.01935386657715
2008-04-01,23.26871109008789
2008-05-01,24.478389739990234
2008-06-01,25.184276580810547
2008-07-01,21.23258781433105
2008-08-01,21.30393409729004
2008-09-01,18.0648193359375
2008-10-01,14.716045379638672
2008-11-01,14.395384788513184
2008-12-01,13.676761627197266
2009-01-01,13.503082275390623
2009-02-01,11.836791038513184
2009-03-01,12.21955108642578
2009-04-01,13.242721557617188
2009-05-01,14.949408531188965
2009-06-01,13.899368286132812
2009-07-01,14.717609405517578
2009-08-01,14.877521514892578
2009-09-01,15.67707061767578
2009-10-01,16.1351375579834
2009-11-01,16.593639373779297
2009-12-01,16.649126052856445
2010-01-01,16.00271987915039
2010-02-01,16.484281539916992
2010-03-01,16.889484405517578
2010-04-01,17.65284538269043
2010-05-01,15.631509780883787
2010-06-01,14.63851833343506
2010-07-01,15.936628341674805
2010-08-01,15.15518569946289
2010-09-01,16.5937442779541
2010-10-01,17.615638732910156
2010-11-01,18.64747428894043
2010-12-01,20.29484748840332
2011-01-01,21.84868812561035
2011-02-01,23.45858192443848
2011-03-01,23.820003509521484
2011-04-01,24.11896133422852
2011-05-01,23.109004974365234
2011-06-01,22.581552505493164
2011-07-01,22.995689392089844
2011-08-01,20.64649772644043
2011-09-01,17.599449157714844
2011-10-01,21.05068016052246
2011-11-01,21.40097045898437
2011-12-01,20.875532150268555
2012-01-01,21.436962127685547
2012-02-01,22.70759391784668
2012-03-01,21.75840950012207
2012-04-01,21.68720054626465
2012-05-01,19.370529174804688
2012-06-01,20.20465087890625
2012-07-01,21.30557632446289
2012-08-01,21.88066673278809
2012-09-01,22.46186828613281
2012-10-01,22.1046142578125
2012-11-01,21.83421897888184
2012-12-01,21.944828033447266
2013-01-01,23.888019561767575
2013-02-01,23.99301147460937
2013-03-01,24.493318557739254
2013-04-01,24.280458450317383
2013-05-01,24.972244262695312
2013-06-01,24.289766311645508
2013-07-01,25.690393447875977
2013-08-01,25.425447463989254
2013-09-01,25.84312629699707
2013-10-01,27.05274772644043
2013-11-01,27.068403244018555
2013-12-01,27.716611862182617
2014-01-01,26.231800079345703
2014-02-01,27.575157165527344
2014-03-01,28.01875686645508
2014-04-01,29.636154174804688
2014-05-01,30.13251304626465
2014-06-01,31.646886825561523
2014-07-01,30.691673278808597
2014-08-01,31.36184310913086
2014-09-01,28.78276824951172
2014-10-01,27.909257888793945
2014-11-01,25.4829216003418
2014-12-01,25.272220611572266
2015-01-01,24.269535064697266
2015-02-01,25.38422966003418
2015-03-01,24.9216423034668
2015-04-01,26.740427017211918
2015-05-01,25.35295295715332
2015-06-01,24.30830192565918
2015-07-01,22.58799743652344
2015-08-01,21.62757110595703
2015-09-01,19.92483901977539
2015-10-01,22.31185340881348
2015-11-01,22.308570861816406
2015-12-01,19.7831974029541
2016-01-01,19.264102935791016
2016-02-01,18.72466468811035
2016-03-01,20.48196601867676
2016-04-01,22.49803352355957
2016-05-01,22.28805923461914
2016-06-01,22.74468040466309
2016-07-01,22.605913162231445
2016-08-01,22.985036849975582
2016-09-01,23.68958282470703
2016-10-01,23.16108512878418
2016-11-01,25.122119903564453
2016-12-01,25.422517776489254
2017-01-01,24.73579216003418
2017-02-01,24.22003555297852
2017-03-01,23.71785545349121
2017-04-01,23.15695571899414
2017-05-01,22.337724685668945
2017-06-01,22.16022300720215
2017-07-01,22.897062301635746
2017-08-01,21.6425724029541
2017-09-01,23.536338806152344
2017-10-01,23.64779663085937
2017-11-01,24.06218719482422
2017-12-01,25.162569046020508
2018-01-01,26.238014221191406
2018-02-01,23.39512634277344
2018-03-01,23.629993438720703
2018-04-01,26.05767059326172
2018-05-01,26.8378849029541
2018-06-01,26.809646606445312
2018-07-01,27.410133361816406
2018-08-01,26.457595825195312
2018-09-01,26.919649124145508
2018-10-01,24.03426170349121
2018-11-01,23.658504486083984
2018-12-01,20.52360343933105
2019-01-01,23.038183212280277
2019-02-01,23.56916236877441
2019-03-01,23.883420944213867
2019-04-01,24.067094802856445
2019-05-01,21.395000457763672
2019-06-01,23.19338798522949
2019-07-01,23.03404426574707
2019-08-01,21.116382598876957
2019-09-01,21.74825096130371
2019-10-01,21.487459182739254
2019-11-01,21.832237243652344
2019-12-01,22.258575439453125
2020-01-01,20.60332298278809
2020-02-01,17.453447341918945
2020-03-01,11.20382595062256
2020-04-01,14.978398323059082
2020-05-01,15.277968406677246
2020-06-01,14.919272422790527
2020-07-01,14.384008407592772
2020-08-01,14.232300758361816
2020-09-01,11.9567289352417
2020-10-01,11.654314994812012
2020-11-01,14.916874885559082
2020-12-01,15.379477500915527
2021-01-01,16.169097900390625
2021-02-01,19.80015754699707
2021-03-01,20.17436790466309
2021-04-01,20.52555656433105
2021-05-01,21.69750022888184
2021-06-01,22.38736343383789
2021-07-01,20.735322952270508
2021-08-01,20.31969451904297
2021-09-01,21.86886405944824
2021-10-01,24.42067146301269
2021-11-01,23.196870803833008
2021-12-01,23.58356285095215
2022-01-01,28.37401580810547
2022-02-01,30.37982749938965
2022-03-01,32.90215301513672
2022-04-01,32.65631484985352
2022-05-01,37.89262008666992
2022-06-01,31.07455444335937
2022-07-01,34.45943069458008
2022-08-01,35.37343215942383
2022-09-01,31.64713478088379
2022-10-01,39.979129791259766
2022-11-01,40.48997116088867
2022-12-01,38.85527801513672
2023-01-01,40.359474182128906
2023-02-01,37.55903625488281
2023-03-01,37.17308044433594
2023-04-01,38.60402297973633
2023-05-01,34.73136901855469
2023-06-01,36.80827331542969
2023-07-01,40.01908874511719
2023-08-01,40.67784118652344
2023-09-01,41.350318908691406
2023-10-01,39.25908279418945
2023-11-01,38.97795867919922
2023-12-01,38.63694381713867
2024-01-01,38.807987213134766
2024-02-01,40.078163146972656
2024-03-01,43.92593002319336
2024-04-01,43.86347579956055
2024-05-01,43.71339416503906
2024-06-01,42.75188064575195
2024-07-01,44.06915664672852
2024-08-01,43.15666580200195
2024-09-01,41.5113410949707
2024-10-01,42.23074722290039
2024-11-01,45.53903198242188
2024-12-01,40.83401870727539
2025-01-01,42.12836837768555
2025-02-01,43.74351501464844
2025-03-01,44.92122268676758
2025-04-01,38.99798583984375
2025-05-01,39.49696350097656
2025-06-01,41.0859489440918
2025-07-01,42.59231185913086
2025-08-01,44.145389556884766
2025-09-01,43.6325798034668
2025-10-01,43.4089241027832
2025-11-01,44.55165481567383
2025-12-01,44.0443229675293
2026-01-01,50.7186164855957
2026-02-01,55.557003021240234
2026-03-01,60.862342834472656
2026-04-01,56.69499969482422
