observation_date,WPU10
1926-01-01 00:00:00,13.9
1926-02-01 00:00:00,13.8
1926-03-01 00:00:00,13.8
1926-04-01 00:00:00,13.7
1926-05-01 00:00:00,13.6
1926-06-01 00:00:00,13.6
1926-07-01 00:00:00,13.6
1926-08-01 00:00:00,13.7
1926-09-01 00:00:00,13.8
1926-10-01 00:00:00,13.8
1926-11-01 00:00:00,13.7
1926-12-01 00:00:00,13.7
1927-01-01 00:00:00,13.2
1927-02-01 00:00:00,13.0
1927-03-01 00:00:00,13.0
1927-04-01 00:00:00,13.0
1927-05-01 00:00:00,12.9
1927-06-01 00:00:00,12.8
1927-07-01 00:00:00,12.8
1927-08-01 00:00:00,12.9
1927-09-01 00:00:00,12.8
1927-10-01 00:00:00,12.7
1927-11-01 00:00:00,12.7
1927-12-01 00:00:00,12.7
1928-01-01 00:00:00,12.7
1928-02-01 00:00:00,12.8
1928-03-01 00:00:00,12.8
1928-04-01 00:00:00,12.8
1928-05-01 00:00:00,12.8
1928-06-01 00:00:00,12.8
1928-07-01 00:00:00,12.8
1928-08-01 00:00:00,12.8
1928-09-01 00:00:00,12.9
1928-10-01 00:00:00,13.0
1928-11-01 00:00:00,13.1
1928-12-01 00:00:00,13.1
1929-01-01 00:00:00,13.2
1929-02-01 00:00:00,13.3
1929-03-01 00:00:00,13.7
1929-04-01 00:00:00,13.6
1929-05-01 00:00:00,13.4
1929-06-01 00:00:00,13.4
1929-07-01 00:00:00,13.3
1929-08-01 00:00:00,13.3
1929-09-01 00:00:00,13.3
1929-10-01 00:00:00,13.3
1929-11-01 00:00:00,13.2
1929-12-01 00:00:00,13.1
1930-01-01 00:00:00,12.9
1930-02-01 00:00:00,12.8
1930-03-01 00:00:00,12.8
1930-04-01 00:00:00,12.5
1930-05-01 00:00:00,12.2
1930-06-01 00:00:00,11.9
1930-07-01 00:00:00,11.7
1930-08-01 00:00:00,11.6
1930-09-01 00:00:00,11.6
1930-10-01 00:00:00,11.4
1930-11-01 00:00:00,11.4
1930-12-01 00:00:00,11.4
1931-01-01 00:00:00,11.2
1931-02-01 00:00:00,11.2
1931-03-01 00:00:00,11.2
1931-04-01 00:00:00,11.1
1931-05-01 00:00:00,10.9
1931-06-01 00:00:00,10.8
1931-07-01 00:00:00,10.7
1931-08-01 00:00:00,10.6
1931-09-01 00:00:00,10.6
1931-10-01 00:00:00,10.4
1931-11-01 00:00:00,10.4
1931-12-01 00:00:00,10.3
1932-01-01 00:00:00,10.2
1932-02-01 00:00:00,10.0
1932-03-01 00:00:00,9.9
1932-04-01 00:00:00,9.9
1932-05-01 00:00:00,9.9
1932-06-01 00:00:00,9.9
1932-07-01 00:00:00,9.6
1932-08-01 00:00:00,9.8
1932-09-01 00:00:00,10.0
1932-10-01 00:00:00,10.1
1932-11-01 00:00:00,9.9
1932-12-01 00:00:00,9.8
1933-01-01 00:00:00,9.7
1933-02-01 00:00:00,9.5
1933-03-01 00:00:00,9.5
1933-04-01 00:00:00,9.5
1933-05-01 00:00:00,9.7
1933-06-01 00:00:00,10.0
1933-07-01 00:00:00,10.3
1933-08-01 00:00:00,10.4
1933-09-01 00:00:00,10.6
1933-10-01 00:00:00,10.8
1933-11-01 00:00:00,10.7
1933-12-01 00:00:00,10.9
1934-01-01 00:00:00,10.9
1934-02-01 00:00:00,11.1
1934-03-01 00:00:00,11.2
1934-04-01 00:00:00,11.3
1934-05-01 00:00:00,11.6
1934-06-01 00:00:00,11.4
1934-07-01 00:00:00,11.2
1934-08-01 00:00:00,11.2
1934-09-01 00:00:00,11.2
1934-10-01 00:00:00,11.1
1934-11-01 00:00:00,11.1
1934-12-01 00:00:00,11.1
1935-01-01 00:00:00,11.1
1935-02-01 00:00:00,11.1
1935-03-01 00:00:00,11.1
1935-04-01 00:00:00,11.1
1935-05-01 00:00:00,11.2
1935-06-01 00:00:00,11.2
1935-07-01 00:00:00,11.2
1935-08-01 00:00:00,11.2
1935-09-01 00:00:00,11.2
1935-10-01 00:00:00,11.3
1935-11-01 00:00:00,11.3
1935-12-01 00:00:00,11.3
1936-01-01 00:00:00,11.3
1936-02-01 00:00:00,11.3
1936-03-01 00:00:00,11.2
1936-04-01 00:00:00,11.2
1936-05-01 00:00:00,11.2
1936-06-01 00:00:00,11.2
1936-07-01 00:00:00,11.4
1936-08-01 00:00:00,11.4
1936-09-01 00:00:00,11.5
1936-10-01 00:00:00,11.6
1936-11-01 00:00:00,11.7
1936-12-01 00:00:00,12.0
1937-01-01 00:00:00,12.3
1937-02-01 00:00:00,12.4
1937-03-01 00:00:00,13.4
1937-04-01 00:00:00,13.5
1937-05-01 00:00:00,13.3
1937-06-01 00:00:00,13.3
1937-07-01 00:00:00,13.3
1937-08-01 00:00:00,13.4
1937-09-01 00:00:00,13.3
1937-10-01 00:00:00,13.1
1937-11-01 00:00:00,12.8
1937-12-01 00:00:00,12.7
1938-01-01 00:00:00,12.8
1938-02-01 00:00:00,12.6
1938-03-01 00:00:00,12.6
1938-04-01 00:00:00,12.7
1938-05-01 00:00:00,12.8
1938-06-01 00:00:00,12.6
1938-07-01 00:00:00,12.4
1938-08-01 00:00:00,12.5
1938-09-01 00:00:00,12.5
1938-10-01 00:00:00,12.5
1938-11-01 00:00:00,12.6
1938-12-01 00:00:00,12.5
1939-01-01 00:00:00,12.5
1939-02-01 00:00:00,12.5
1939-03-01 00:00:00,12.5
1939-04-01 00:00:00,12.4
1939-05-01 00:00:00,12.3
1939-06-01 00:00:00,12.3
1939-07-01 00:00:00,12.3
1939-08-01 00:00:00,12.3
1939-09-01 00:00:00,12.6
1939-10-01 00:00:00,12.7
1939-11-01 00:00:00,12.7
1939-12-01 00:00:00,12.7
1940-01-01 00:00:00,12.7
1940-02-01 00:00:00,12.6
1940-03-01 00:00:00,12.6
1940-04-01 00:00:00,12.4
1940-05-01 00:00:00,12.4
1940-06-01 00:00:00,12.4
1940-07-01 00:00:00,12.4
1940-08-01 00:00:00,12.4
1940-09-01 00:00:00,12.5
1940-10-01 00:00:00,12.6
1940-11-01 00:00:00,12.6
1940-12-01 00:00:00,12.6
1941-01-01 00:00:00,12.6
1941-02-01 00:00:00,12.6
1941-03-01 00:00:00,12.7
1941-04-01 00:00:00,12.7
1941-05-01 00:00:00,12.7
1941-06-01 00:00:00,12.8
1941-07-01 00:00:00,12.8
1941-08-01 00:00:00,12.8
1941-09-01 00:00:00,12.8
1941-10-01 00:00:00,12.8
1941-11-01 00:00:00,12.9
1941-12-01 00:00:00,12.9
1942-01-01 00:00:00,12.9
1942-02-01 00:00:00,12.9
1942-03-01 00:00:00,13.0
1942-04-01 00:00:00,13.0
1942-05-01 00:00:00,13.0
1942-06-01 00:00:00,13.0
1942-07-01 00:00:00,12.9
1942-08-01 00:00:00,12.9
1942-09-01 00:00:00,13.0
1942-10-01 00:00:00,13.0
1942-11-01 00:00:00,13.0
1942-12-01 00:00:00,12.9
1943-01-01 00:00:00,12.9
1943-02-01 00:00:00,12.9
1943-03-01 00:00:00,12.9
1943-04-01 00:00:00,12.9
1943-05-01 00:00:00,12.9
1943-06-01 00:00:00,13.0
1943-07-01 00:00:00,12.9
1943-08-01 00:00:00,12.9
1943-09-01 00:00:00,12.9
1943-10-01 00:00:00,12.9
1943-11-01 00:00:00,12.9
1943-12-01 00:00:00,12.9
1944-01-01 00:00:00,12.9
1944-02-01 00:00:00,12.9
1944-03-01 00:00:00,13.0
1944-04-01 00:00:00,13.0
1944-05-01 00:00:00,12.9
1944-06-01 00:00:00,12.9
1944-07-01 00:00:00,12.9
1944-08-01 00:00:00,12.9
1944-09-01 00:00:00,12.9
1944-10-01 00:00:00,12.9
1944-11-01 00:00:00,12.9
1944-12-01 00:00:00,12.9
1945-01-01 00:00:00,13.0
1945-02-01 00:00:00,13.0
1945-03-01 00:00:00,13.0
1945-04-01 00:00:00,13.0
1945-05-01 00:00:00,13.0
1945-06-01 00:00:00,13.1
1945-07-01 00:00:00,13.1
1945-08-01 00:00:00,13.1
1945-09-01 00:00:00,13.2
1945-10-01 00:00:00,13.2
1945-11-01 00:00:00,13.3
1945-12-01 00:00:00,13.3
1946-01-01 00:00:00,13.3
1946-02-01 00:00:00,13.5
1946-03-01 00:00:00,13.9
1946-04-01 00:00:00,14.0
1946-05-01 00:00:00,14.1
1946-06-01 00:00:00,14.7
1946-07-01 00:00:00,15.0
1946-08-01 00:00:00,15.1
1946-09-01 00:00:00,15.1
1946-10-01 00:00:00,15.2
1946-11-01 00:00:00,15.7
1946-12-01 00:00:00,16.4
1947-01-01 00:00:00,17.5
1947-02-01 00:00:00,17.6
1947-03-01 00:00:00,17.9
1947-04-01 00:00:00,18.0
1947-05-01 00:00:00,17.8
1947-06-01 00:00:00,17.9
1947-07-01 00:00:00,18.1
1947-08-01 00:00:00,18.5
1947-09-01 00:00:00,18.6
1947-10-01 00:00:00,18.7
1947-11-01 00:00:00,18.8
1947-12-01 00:00:00,18.9
1948-01-01 00:00:00,19.3
1948-02-01 00:00:00,19.5
1948-03-01 00:00:00,19.7
1948-04-01 00:00:00,20.1
1948-05-01 00:00:00,20.0
1948-06-01 00:00:00,20.1
1948-07-01 00:00:00,20.5
1948-08-01 00:00:00,21.6
1948-09-01 00:00:00,21.8
1948-10-01 00:00:00,21.9
1948-11-01 00:00:00,22.0
1948-12-01 00:00:00,22.1
1949-01-01 00:00:00,22.2
1949-02-01 00:00:00,21.9
1949-03-01 00:00:00,21.7
1949-04-01 00:00:00,21.1
1949-05-01 00:00:00,20.6
1949-06-01 00:00:00,20.3
1949-07-01 00:00:00,20.3
1949-08-01 00:00:00,20.4
1949-09-01 00:00:00,20.5
1949-10-01 00:00:00,20.5
1949-11-01 00:00:00,20.6
1949-12-01 00:00:00,20.6
1950-01-01 00:00:00,20.8
1950-02-01 00:00:00,20.9
1950-03-01 00:00:00,20.9
1950-04-01 00:00:00,21.0
1950-05-01 00:00:00,21.3
1950-06-01 00:00:00,21.7
1950-07-01 00:00:00,21.8
1950-08-01 00:00:00,22.1
1950-09-01 00:00:00,22.6
1950-10-01 00:00:00,23.1
1950-11-01 00:00:00,23.5
1950-12-01 00:00:00,24.3
1951-01-01 00:00:00,24.7
1951-02-01 00:00:00,24.7
1951-03-01 00:00:00,24.6
1951-04-01 00:00:00,24.6
1951-05-01 00:00:00,24.6
1951-06-01 00:00:00,24.4
1951-07-01 00:00:00,24.4
1951-08-01 00:00:00,24.3
1951-09-01 00:00:00,24.3
1951-10-01 00:00:00,24.4
1951-11-01 00:00:00,24.4
1951-12-01 00:00:00,24.4
1952-01-01 00:00:00,24.4
1952-02-01 00:00:00,24.4
1952-03-01 00:00:00,24.4
1952-04-01 00:00:00,24.4
1952-05-01 00:00:00,24.3
1952-06-01 00:00:00,24.1
1952-07-01 00:00:00,24.3
1952-08-01 00:00:00,24.7
1952-09-01 00:00:00,24.8
1952-10-01 00:00:00,24.7
1952-11-01 00:00:00,24.7
1952-12-01 00:00:00,24.7
1953-01-01 00:00:00,24.7
1953-02-01 00:00:00,24.8
1953-03-01 00:00:00,25.0
1953-04-01 00:00:00,24.9
1953-05-01 00:00:00,25.0
1953-06-01 00:00:00,25.3
1953-07-01 00:00:00,25.8
1953-08-01 00:00:00,25.8
1953-09-01 00:00:00,25.6
1953-10-01 00:00:00,25.5
1953-11-01 00:00:00,25.5
1953-12-01 00:00:00,25.4
1954-01-01 00:00:00,25.4
1954-02-01 00:00:00,25.2
1954-03-01 00:00:00,25.2
1954-04-01 00:00:00,25.3
1954-05-01 00:00:00,25.3
1954-06-01 00:00:00,25.3
1954-07-01 00:00:00,25.5
1954-08-01 00:00:00,25.6
1954-09-01 00:00:00,25.7
1954-10-01 00:00:00,25.9
1954-11-01 00:00:00,25.9
1954-12-01 00:00:00,25.9
1955-01-01 00:00:00,25.9
1955-02-01 00:00:00,26.2
1955-03-01 00:00:00,26.3
1955-04-01 00:00:00,26.5
1955-05-01 00:00:00,26.4
1955-06-01 00:00:00,26.4
1955-07-01 00:00:00,27.3
1955-08-01 00:00:00,27.8
1955-09-01 00:00:00,28.3
1955-10-01 00:00:00,28.4
1955-11-01 00:00:00,28.5
1955-12-01 00:00:00,28.7
1956-01-01 00:00:00,28.9
1956-02-01 00:00:00,28.9
1956-03-01 00:00:00,29.2
1956-04-01 00:00:00,29.4
1956-05-01 00:00:00,29.2
1956-06-01 00:00:00,29.1
1956-07-01 00:00:00,28.9
1956-08-01 00:00:00,29.9
1956-09-01 00:00:00,30.3
1956-10-01 00:00:00,30.3
1956-11-01 00:00:00,30.3
1956-12-01 00:00:00,30.4
1957-01-01 00:00:00,30.3
1957-02-01 00:00:00,30.2
1957-03-01 00:00:00,30.1
1957-04-01 00:00:00,29.9
1957-05-01 00:00:00,29.9
1957-06-01 00:00:00,30.0
1957-07-01 00:00:00,30.4
1957-08-01 00:00:00,30.5
1957-09-01 00:00:00,30.3
1957-10-01 00:00:00,30.1
1957-11-01 00:00:00,30.0
1957-12-01 00:00:00,30.0
1958-01-01 00:00:00,29.9
1958-02-01 00:00:00,29.9
1958-03-01 00:00:00,29.9
1958-04-01 00:00:00,29.6
1958-05-01 00:00:00,29.6
1958-06-01 00:00:00,29.6
1958-07-01 00:00:00,29.6
1958-08-01 00:00:00,30.1
1958-09-01 00:00:00,30.2
1958-10-01 00:00:00,30.3
1958-11-01 00:00:00,30.5
1958-12-01 00:00:00,30.5
1959-01-01 00:00:00,30.5
1959-02-01 00:00:00,30.6
1959-03-01 00:00:00,30.6
1959-04-01 00:00:00,30.5
1959-05-01 00:00:00,30.5
1959-06-01 00:00:00,30.6
1959-07-01 00:00:00,30.4
1959-08-01 00:00:00,30.5
1959-09-01 00:00:00,30.6
1959-10-01 00:00:00,30.8
1959-11-01 00:00:00,31.1
1959-12-01 00:00:00,30.9
1960-01-01 00:00:00,31.0
1960-02-01 00:00:00,30.9
1960-03-01 00:00:00,30.8
1960-04-01 00:00:00,30.8
1960-05-01 00:00:00,30.7
1960-06-01 00:00:00,30.6
1960-07-01 00:00:00,30.6
1960-08-01 00:00:00,30.6
1960-09-01 00:00:00,30.6
1960-10-01 00:00:00,30.5
1960-11-01 00:00:00,30.4
1960-12-01 00:00:00,30.3
1961-01-01 00:00:00,30.3
1961-02-01 00:00:00,30.4
1961-03-01 00:00:00,30.4
1961-04-01 00:00:00,30.4
1961-05-01 00:00:00,30.5
1961-06-01 00:00:00,30.5
1961-07-01 00:00:00,30.5
1961-08-01 00:00:00,30.6
1961-09-01 00:00:00,30.6
1961-10-01 00:00:00,30.5
1961-11-01 00:00:00,30.4
1961-12-01 00:00:00,30.4
1962-01-01 00:00:00,30.5
1962-02-01 00:00:00,30.4
1962-03-01 00:00:00,30.4
1962-04-01 00:00:00,30.3
1962-05-01 00:00:00,30.3
1962-06-01 00:00:00,30.2
1962-07-01 00:00:00,30.2
1962-08-01 00:00:00,30.2
1962-09-01 00:00:00,30.2
1962-10-01 00:00:00,30.1
1962-11-01 00:00:00,30.0
1962-12-01 00:00:00,30.0
1963-01-01 00:00:00,30.1
1963-02-01 00:00:00,30.1
1963-03-01 00:00:00,30.1
1963-04-01 00:00:00,30.1
1963-05-01 00:00:00,30.2
1963-06-01 00:00:00,30.2
1963-07-01 00:00:00,30.2
1963-08-01 00:00:00,30.3
1963-09-01 00:00:00,30.3
1963-10-01 00:00:00,30.5
1963-11-01 00:00:00,30.6
1963-12-01 00:00:00,30.6
1964-01-01 00:00:00,30.8
1964-02-01 00:00:00,30.8
1964-03-01 00:00:00,30.9
1964-04-01 00:00:00,30.9
1964-05-01 00:00:00,30.9
1964-06-01 00:00:00,30.9
1964-07-01 00:00:00,31.0
1964-08-01 00:00:00,31.2
1964-09-01 00:00:00,31.2
1964-10-01 00:00:00,31.4
1964-11-01 00:00:00,31.6
1964-12-01 00:00:00,31.7
1965-01-01 00:00:00,31.6
1965-02-01 00:00:00,31.6
1965-03-01 00:00:00,31.7
1965-04-01 00:00:00,31.8
1965-05-01 00:00:00,32.0
1965-06-01 00:00:00,32.0
1965-07-01 00:00:00,32.0
1965-08-01 00:00:00,32.1
1965-09-01 00:00:00,32.1
1965-10-01 00:00:00,32.2
1965-11-01 00:00:00,32.3
1965-12-01 00:00:00,32.3
1966-01-01 00:00:00,32.4
1966-02-01 00:00:00,32.5
1966-03-01 00:00:00,32.7
1966-04-01 00:00:00,32.7
1966-05-01 00:00:00,32.8
1966-06-01 00:00:00,32.9
1966-07-01 00:00:00,32.9
1966-08-01 00:00:00,32.8
1966-09-01 00:00:00,32.8
1966-10-01 00:00:00,32.9
1966-11-01 00:00:00,33.0
1966-12-01 00:00:00,33.0
1967-01-01 00:00:00,33.1
1967-02-01 00:00:00,33.2
1967-03-01 00:00:00,33.1
1967-04-01 00:00:00,33.0
1967-05-01 00:00:00,33.0
1967-06-01 00:00:00,33.0
1967-07-01 00:00:00,33.0
1967-08-01 00:00:00,33.0
1967-09-01 00:00:00,33.2
1967-10-01 00:00:00,33.3
1967-11-01 00:00:00,33.6
1967-12-01 00:00:00,33.7
1968-01-01 00:00:00,34.0
1968-02-01 00:00:00,34.3
1968-03-01 00:00:00,34.4
1968-04-01 00:00:00,34.2
1968-05-01 00:00:00,33.8
1968-06-01 00:00:00,33.8
1968-07-01 00:00:00,33.7
1968-08-01 00:00:00,33.7
1968-09-01 00:00:00,33.9
1968-10-01 00:00:00,34.0
1968-11-01 00:00:00,34.0
1968-12-01 00:00:00,34.1
1969-01-01 00:00:00,34.6
1969-02-01 00:00:00,34.8
1969-03-01 00:00:00,35.0
1969-04-01 00:00:00,35.2
1969-05-01 00:00:00,35.5
1969-06-01 00:00:00,35.7
1969-07-01 00:00:00,35.9
1969-08-01 00:00:00,36.4
1969-09-01 00:00:00,36.8
1969-10-01 00:00:00,37.0
1969-11-01 00:00:00,37.1
1969-12-01 00:00:00,37.5
1970-01-01 00:00:00,37.8
1970-02-01 00:00:00,38.2
1970-03-01 00:00:00,38.4
1970-04-01 00:00:00,38.7
1970-05-01 00:00:00,38.9
1970-06-01 00:00:00,39.1
1970-07-01 00:00:00,39.0
1970-08-01 00:00:00,38.9
1970-09-01 00:00:00,38.9
1970-10-01 00:00:00,39.0
1970-11-01 00:00:00,38.7
1970-12-01 00:00:00,38.5
1971-01-01 00:00:00,38.6
1971-02-01 00:00:00,38.5
1971-03-01 00:00:00,38.5
1971-04-01 00:00:00,38.9
1971-05-01 00:00:00,39.1
1971-06-01 00:00:00,39.2
1971-07-01 00:00:00,39.5
1971-08-01 00:00:00,40.1
1971-09-01 00:00:00,40.1
1971-10-01 00:00:00,40.0
1971-11-01 00:00:00,40.0
1971-12-01 00:00:00,39.9
1972-01-01 00:00:00,40.3
1972-02-01 00:00:00,40.6
1972-03-01 00:00:00,40.9
1972-04-01 00:00:00,40.9
1972-05-01 00:00:00,41.0
1972-06-01 00:00:00,41.0
1972-07-01 00:00:00,40.9
1972-08-01 00:00:00,41.0
1972-09-01 00:00:00,41.1
1972-10-01 00:00:00,41.1
1972-11-01 00:00:00,41.2
1972-12-01 00:00:00,41.2
1973-01-01 00:00:00,41.6
1973-02-01 00:00:00,42.1
1973-03-01 00:00:00,42.8
1973-04-01 00:00:00,43.3
1973-05-01 00:00:00,43.7
1973-06-01 00:00:00,43.9
1973-07-01 00:00:00,44.0
1973-08-01 00:00:00,44.3
1973-09-01 00:00:00,44.5
1973-10-01 00:00:00,45.1
1973-11-01 00:00:00,45.9
1973-12-01 00:00:00,47.0
1974-01-01 00:00:00,48.1
1974-02-01 00:00:00,49.1
1974-03-01 00:00:00,51.3
1974-04-01 00:00:00,53.4
1974-05-01 00:00:00,55.9
1974-06-01 00:00:00,57.7
1974-07-01 00:00:00,59.8
1974-08-01 00:00:00,61.5
1974-09-01 00:00:00,62.0
1974-10-01 00:00:00,62.0
1974-11-01 00:00:00,61.9
1974-12-01 00:00:00,61.2
1975-01-01 00:00:00,61.5
1975-02-01 00:00:00,61.8
1975-03-01 00:00:00,61.7
1975-04-01 00:00:00,61.6
1975-05-01 00:00:00,61.4
1975-06-01 00:00:00,61.2
1975-07-01 00:00:00,60.8
1975-08-01 00:00:00,61.1
1975-09-01 00:00:00,61.5
1975-10-01 00:00:00,62.1
1975-11-01 00:00:00,62.0
1975-12-01 00:00:00,62.0
1976-01-01 00:00:00,62.3
1976-02-01 00:00:00,62.7
1976-03-01 00:00:00,63.2
1976-04-01 00:00:00,64.0
1976-05-01 00:00:00,64.4
1976-06-01 00:00:00,65.2
1976-07-01 00:00:00,65.9
1976-08-01 00:00:00,66.2
1976-09-01 00:00:00,66.3
1976-10-01 00:00:00,66.3
1976-11-01 00:00:00,66.3
1976-12-01 00:00:00,66.6
1977-01-01 00:00:00,67.0
1977-02-01 00:00:00,67.4
1977-03-01 00:00:00,68.5
1977-04-01 00:00:00,69.0
1977-05-01 00:00:00,69.1
1977-06-01 00:00:00,68.9
1977-07-01 00:00:00,69.8
1977-08-01 00:00:00,70.2
1977-09-01 00:00:00,70.5
1977-10-01 00:00:00,70.2
1977-11-01 00:00:00,70.3
1977-12-01 00:00:00,70.7
1978-01-01 00:00:00,71.4
1978-02-01 00:00:00,72.6
1978-03-01 00:00:00,73.3
1978-04-01 00:00:00,74.2
1978-05-01 00:00:00,74.5
1978-06-01 00:00:00,74.9
1978-07-01 00:00:00,75.4
1978-08-01 00:00:00,76.6
1978-09-01 00:00:00,76.7
1978-10-01 00:00:00,77.6
1978-11-01 00:00:00,78.1
1978-12-01 00:00:00,78.5
1979-01-01 00:00:00,80.2
1979-02-01 00:00:00,82.0
1979-03-01 00:00:00,83.5
1979-04-01 00:00:00,84.9
1979-05-01 00:00:00,84.9
1979-06-01 00:00:00,85.6
1979-07-01 00:00:00,86.5
1979-08-01 00:00:00,86.8
1979-09-01 00:00:00,87.4
1979-10-01 00:00:00,89.4
1979-11-01 00:00:00,89.9
1979-12-01 00:00:00,90.7
1980-01-01 00:00:00,94.3
1980-02-01 00:00:00,95.8
1980-03-01 00:00:00,95.1
1980-04-01 00:00:00,94.3
1980-05-01 00:00:00,93.4
1980-06-01 00:00:00,93.5
1980-07-01 00:00:00,93.7
1980-08-01 00:00:00,94.5
1980-09-01 00:00:00,95.3
1980-10-01 00:00:00,96.8
1980-11-01 00:00:00,96.5
1980-12-01 00:00:00,96.4
1981-01-01 00:00:00,97.5
1981-02-01 00:00:00,97.5
1981-03-01 00:00:00,98.3
1981-04-01 00:00:00,99.1
1981-05-01 00:00:00,99.2
1981-06-01 00:00:00,98.9
1981-07-01 00:00:00,100.1
1981-08-01 00:00:00,100.8
1981-09-01 00:00:00,101.1
1981-10-01 00:00:00,101.2
1981-11-01 00:00:00,100.9
1981-12-01 00:00:00,100.5
1982-01-01 00:00:00,101.0
1982-02-01 00:00:00,100.9
1982-03-01 00:00:00,100.4
1982-04-01 00:00:00,100.5
1982-05-01 00:00:00,100.4
1982-06-01 00:00:00,99.2
1982-07-01 00:00:00,99.3
1982-08-01 00:00:00,99.2
1982-09-01 00:00:00,100.0
1982-10-01 00:00:00,100.0
1982-11-01 00:00:00,99.6
1982-12-01 00:00:00,99.4
1983-01-01 00:00:00,99.6
1983-02-01 00:00:00,101.0
1983-03-01 00:00:00,100.9
1983-04-01 00:00:00,101.0
1983-05-01 00:00:00,101.5
1983-06-01 00:00:00,101.5
1983-07-01 00:00:00,101.9
1983-08-01 00:00:00,102.2
1983-09-01 00:00:00,103.0
1983-10-01 00:00:00,103.1
1983-11-01 00:00:00,103.1
1983-12-01 00:00:00,103.4
1984-01-01 00:00:00,103.7
1984-02-01 00:00:00,104.4
1984-03-01 00:00:00,105.0
1984-04-01 00:00:00,105.4
1984-05-01 00:00:00,105.2
1984-06-01 00:00:00,105.2
1984-07-01 00:00:00,104.8
1984-08-01 00:00:00,104.8
1984-09-01 00:00:00,104.7
1984-10-01 00:00:00,104.8
1984-11-01 00:00:00,104.9
1984-12-01 00:00:00,104.6
1985-01-01 00:00:00,104.4
1985-02-01 00:00:00,104.6
1985-03-01 00:00:00,104.6
1985-04-01 00:00:00,105.0
1985-05-01 00:00:00,104.9
1985-06-01 00:00:00,104.4
1985-07-01 00:00:00,104.3
1985-08-01 00:00:00,104.3
1985-09-01 00:00:00,104.2
1985-10-01 00:00:00,104.2
1985-11-01 00:00:00,103.9
1985-12-01 00:00:00,103.9
1986-01-01 00:00:00,103.1
1986-02-01 00:00:00,103.2
1986-03-01 00:00:00,103.2
1986-04-01 00:00:00,103.1
1986-05-01 00:00:00,103.0
1986-06-01 00:00:00,103.0
1986-07-01 00:00:00,102.9
1986-08-01 00:00:00,103.1
1986-09-01 00:00:00,103.3
1986-10-01 00:00:00,103.4
1986-11-01 00:00:00,103.4
1986-12-01 00:00:00,103.3
1987-01-01 00:00:00,103.7
1987-02-01 00:00:00,103.8
1987-03-01 00:00:00,104.0
1987-04-01 00:00:00,104.4
1987-05-01 00:00:00,105.2
1987-06-01 00:00:00,105.8
1987-07-01 00:00:00,106.7
1987-08-01 00:00:00,107.7
1987-09-01 00:00:00,108.8
1987-10-01 00:00:00,110.8
1987-11-01 00:00:00,111.7
1987-12-01 00:00:00,112.9
1988-01-01 00:00:00,114.4
1988-02-01 00:00:00,114.7
1988-03-01 00:00:00,115.4
1988-04-01 00:00:00,116.9
1988-05-01 00:00:00,117.4
1988-06-01 00:00:00,118.0
1988-07-01 00:00:00,119.2
1988-08-01 00:00:00,119.8
1988-09-01 00:00:00,120.2
1988-10-01 00:00:00,121.4
1988-11-01 00:00:00,122.8
1988-12-01 00:00:00,124.0
1989-01-01 00:00:00,125.3
1989-02-01 00:00:00,125.1
1989-03-01 00:00:00,125.6
1989-04-01 00:00:00,125.6
1989-05-01 00:00:00,125.2
1989-06-01 00:00:00,124.0
1989-07-01 00:00:00,123.0
1989-08-01 00:00:00,123.0
1989-09-01 00:00:00,123.7
1989-10-01 00:00:00,123.9
1989-11-01 00:00:00,122.8
1989-12-01 00:00:00,121.7
1990-01-01 00:00:00,121.7
1990-02-01 00:00:00,120.9
1990-03-01 00:00:00,122.0
1990-04-01 00:00:00,122.9
1990-05-01 00:00:00,123.1
1990-06-01 00:00:00,122.6
1990-07-01 00:00:00,122.9
1990-08-01 00:00:00,124.2
1990-09-01 00:00:00,124.6
1990-10-01 00:00:00,124.5
1990-11-01 00:00:00,123.3
1990-12-01 00:00:00,122.4
1991-01-01 00:00:00,122.4
1991-02-01 00:00:00,121.9
1991-03-01 00:00:00,121.5
1991-04-01 00:00:00,121.3
1991-05-01 00:00:00,120.5
1991-06-01 00:00:00,119.7
1991-07-01 00:00:00,119.6
1991-08-01 00:00:00,119.5
1991-09-01 00:00:00,119.5
1991-10-01 00:00:00,119.3
1991-11-01 00:00:00,118.9
1991-12-01 00:00:00,118.7
1992-01-01 00:00:00,118.2
1992-02-01 00:00:00,118.9
1992-03-01 00:00:00,119.4
1992-04-01 00:00:00,119.6
1992-05-01 00:00:00,119.5
1992-06-01 00:00:00,119.6
1992-07-01 00:00:00,120.0
1992-08-01 00:00:00,120.2
1992-09-01 00:00:00,119.6
1992-10-01 00:00:00,118.8
1992-11-01 00:00:00,118.2
1992-12-01 00:00:00,118.5
1993-01-01 00:00:00,118.9
1993-02-01 00:00:00,119.2
1993-03-01 00:00:00,119.0
1993-04-01 00:00:00,118.7
1993-05-01 00:00:00,118.4
1993-06-01 00:00:00,118.9
1993-07-01 00:00:00,119.5
1993-08-01 00:00:00,119.5
1993-09-01 00:00:00,119.5
1993-10-01 00:00:00,119.4
1993-11-01 00:00:00,119.6
1993-12-01 00:00:00,120.2
1994-01-01 00:00:00,120.7
1994-02-01 00:00:00,121.7
1994-03-01 00:00:00,122.3
1994-04-01 00:00:00,122.5
1994-05-01 00:00:00,122.7
1994-06-01 00:00:00,123.5
1994-07-01 00:00:00,124.7
1994-08-01 00:00:00,125.5
1994-09-01 00:00:00,126.5
1994-10-01 00:00:00,127.3
1994-11-01 00:00:00,129.4
1994-12-01 00:00:00,130.6
1995-01-01 00:00:00,133.4
1995-02-01 00:00:00,134.6
1995-03-01 00:00:00,134.7
1995-04-01 00:00:00,135.2
1995-05-01 00:00:00,134.7
1995-06-01 00:00:00,134.8
1995-07-01 00:00:00,135.2
1995-08-01 00:00:00,135.5
1995-09-01 00:00:00,135.0
1995-10-01 00:00:00,134.1
1995-11-01 00:00:00,133.7
1995-12-01 00:00:00,133.4
1996-01-01 00:00:00,132.8
1996-02-01 00:00:00,131.8
1996-03-01 00:00:00,131.8
1996-04-01 00:00:00,132.0
1996-05-01 00:00:00,132.4
1996-06-01 00:00:00,131.9
1996-07-01 00:00:00,130.4
1996-08-01 00:00:00,130.0
1996-09-01 00:00:00,130.0
1996-10-01 00:00:00,129.4
1996-11-01 00:00:00,129.4
1996-12-01 00:00:00,129.9
1997-01-01 00:00:00,131.0
1997-02-01 00:00:00,131.6
1997-03-01 00:00:00,132.2
1997-04-01 00:00:00,131.8
1997-05-01 00:00:00,132.2
1997-06-01 00:00:00,132.5
1997-07-01 00:00:00,132.0
1997-08-01 00:00:00,132.2
1997-09-01 00:00:00,132.0
1997-10-01 00:00:00,131.7
1997-11-01 00:00:00,131.3
1997-12-01 00:00:00,130.6
1998-01-01 00:00:00,130.1
1998-02-01 00:00:00,130.0
1998-03-01 00:00:00,129.5
1998-04-01 00:00:00,129.6
1998-05-01 00:00:00,129.2
1998-06-01 00:00:00,128.7
1998-07-01 00:00:00,127.9
1998-08-01 00:00:00,127.2
1998-09-01 00:00:00,126.7
1998-10-01 00:00:00,125.5
1998-11-01 00:00:00,124.8
1998-12-01 00:00:00,124.0
1999-01-01 00:00:00,123.5
1999-02-01 00:00:00,123.4
1999-03-01 00:00:00,122.9
1999-04-01 00:00:00,123.1
1999-05-01 00:00:00,123.8
1999-06-01 00:00:00,123.8
1999-07-01 00:00:00,124.4
1999-08-01 00:00:00,124.9
1999-09-01 00:00:00,125.5
1999-10-01 00:00:00,126.3
1999-11-01 00:00:00,126.6
1999-12-01 00:00:00,127.3
2000-01-01 00:00:00,128.3
2000-02-01 00:00:00,128.8
2000-03-01 00:00:00,128.7
2000-04-01 00:00:00,128.6
2000-05-01 00:00:00,128.2
2000-06-01 00:00:00,127.9
2000-07-01 00:00:00,128.0
2000-08-01 00:00:00,128.0
2000-09-01 00:00:00,128.4
2000-10-01 00:00:00,127.9
2000-11-01 00:00:00,126.8
2000-12-01 00:00:00,126.9
2001-01-01 00:00:00,126.9
2001-02-01 00:00:00,126.6
2001-03-01 00:00:00,126.6
2001-04-01 00:00:00,126.0
2001-05-01 00:00:00,126.1
2001-06-01 00:00:00,125.8
2001-07-01 00:00:00,125.5
2001-08-01 00:00:00,125.0
2001-09-01 00:00:00,124.9
2001-10-01 00:00:00,124.1
2001-11-01 00:00:00,123.6
2001-12-01 00:00:00,123.6
2002-01-01 00:00:00,123.7
2002-02-01 00:00:00,124.0
2002-03-01 00:00:00,124.5
2002-04-01 00:00:00,125.0
2002-05-01 00:00:00,125.6
2002-06-01 00:00:00,126.4
2002-07-01 00:00:00,126.8
2002-08-01 00:00:00,126.6
2002-09-01 00:00:00,127.1
2002-10-01 00:00:00,127.0
2002-11-01 00:00:00,127.3
2002-12-01 00:00:00,127.2
2003-01-01 00:00:00,127.6
2003-02-01 00:00:00,128.3
2003-03-01 00:00:00,128.5
2003-04-01 00:00:00,128.2
2003-05-01 00:00:00,128.3
2003-06-01 00:00:00,128.3
2003-07-01 00:00:00,128.4
2003-08-01 00:00:00,129.0
2003-09-01 00:00:00,129.5
2003-10-01 00:00:00,130.2
2003-11-01 00:00:00,131.4
2003-12-01 00:00:00,133.1
2004-01-01 00:00:00,135.9
2004-02-01 00:00:00,140.2
2004-03-01 00:00:00,143.9
2004-04-01 00:00:00,146.5
2004-05-01 00:00:00,147.0
2004-06-01 00:00:00,147.3
2004-07-01 00:00:00,151.3
2004-08-01 00:00:00,154.0
2004-09-01 00:00:00,154.7
2004-10-01 00:00:00,157.1
2004-11-01 00:00:00,158.6
2004-12-01 00:00:00,159.0
2005-01-01 00:00:00,160.1
2005-02-01 00:00:00,160.5
2005-03-01 00:00:00,160.4
2005-04-01 00:00:00,161.1
2005-05-01 00:00:00,159.4
2005-06-01 00:00:00,157.6
2005-07-01 00:00:00,157.4
2005-08-01 00:00:00,158.4
2005-09-01 00:00:00,161.1
2005-10-01 00:00:00,161.9
2005-11-01 00:00:00,165.0
2005-12-01 00:00:00,166.7
2006-01-01 00:00:00,168.6
2006-02-01 00:00:00,170.9
2006-03-01 00:00:00,172.0
2006-04-01 00:00:00,176.9
2006-05-01 00:00:00,184.2
2006-06-01 00:00:00,184.9
2006-07-01 00:00:00,187.5
2006-08-01 00:00:00,187.0
2006-09-01 00:00:00,187.7
2006-10-01 00:00:00,187.3
2006-11-01 00:00:00,186.0
2006-12-01 00:00:00,186.5
2007-01-01 00:00:00,185.7
2007-02-01 00:00:00,187.2
2007-03-01 00:00:00,191.1
2007-04-01 00:00:00,195.4
2007-05-01 00:00:00,196.3
2007-06-01 00:00:00,195.9
2007-07-01 00:00:00,196.6
2007-08-01 00:00:00,195.5
2007-09-01 00:00:00,194.5
2007-10-01 00:00:00,195.0
2007-11-01 00:00:00,194.3
2007-12-01 00:00:00,194.1
2008-01-01 00:00:00,197.5
2008-02-01 00:00:00,201.8
2008-03-01 00:00:00,208.0
2008-04-01 00:00:00,217.6
2008-05-01 00:00:00,223.4
2008-06-01 00:00:00,226.9
2008-07-01 00:00:00,231.8
2008-08-01 00:00:00,230.9
2008-09-01 00:00:00,223.7
2008-10-01 00:00:00,209.1
2008-11-01 00:00:00,195.9
2008-12-01 00:00:00,189.7
2009-01-01 00:00:00,187.0
2009-02-01 00:00:00,183.9
2009-03-01 00:00:00,181.7
2009-04-01 00:00:00,179.9
2009-05-01 00:00:00,180.5
2009-06-01 00:00:00,181.7
2009-07-01 00:00:00,183.5
2009-08-01 00:00:00,189.1
2009-09-01 00:00:00,192.1
2009-10-01 00:00:00,193.3
2009-11-01 00:00:00,193.0
2009-12-01 00:00:00,196.0
2010-01-01 00:00:00,200.5
2010-02-01 00:00:00,200.8
2010-03-01 00:00:00,205.0
2010-04-01 00:00:00,210.3
2010-05-01 00:00:00,210.1
2010-06-01 00:00:00,207.4
2010-07-01 00:00:00,205.0
2010-08-01 00:00:00,206.5
2010-09-01 00:00:00,208.2
2010-10-01 00:00:00,210.4
2010-11-01 00:00:00,212.2
2010-12-01 00:00:00,214.8
2011-01-01 00:00:00,219.8
2011-02-01 00:00:00,224.2
2011-03-01 00:00:00,225.7
2011-04-01 00:00:00,229.2
2011-05-01 00:00:00,228.3
2011-06-01 00:00:00,228.4
2011-07-01 00:00:00,230.0
2011-08-01 00:00:00,229.0
2011-09-01 00:00:00,228.1
2011-10-01 00:00:00,223.8
2011-11-01 00:00:00,222.5
2011-12-01 00:00:00,222.3
2012-01-01 00:00:00,223.6
2012-02-01 00:00:00,225.2
2012-03-01 00:00:00,225.3
2012-04-01 00:00:00,224.3
2012-05-01 00:00:00,222.7
2012-06-01 00:00:00,218.5
2012-07-01 00:00:00,215.6
2012-08-01 00:00:00,215.7
2012-09-01 00:00:00,217.7
2012-10-01 00:00:00,216.1
2012-11-01 00:00:00,216.1
2012-12-01 00:00:00,217.4
2013-01-01 00:00:00,216.7
2013-02-01 00:00:00,216.5
2013-03-01 00:00:00,216.2
2013-04-01 00:00:00,214.9
2013-05-01 00:00:00,212.4
2013-06-01 00:00:00,211.7
2013-07-01 00:00:00,211.3
2013-08-01 00:00:00,212.5
2013-09-01 00:00:00,211.8
2013-10-01 00:00:00,211.8
2013-11-01 00:00:00,212.7
2013-12-01 00:00:00,213.5
2014-01-01 00:00:00,215.4
2014-02-01 00:00:00,215.0
2014-03-01 00:00:00,214.2
2014-04-01 00:00:00,215.0
2014-05-01 00:00:00,215.3
2014-06-01 00:00:00,215.0
2014-07-01 00:00:00,216.3
2014-08-01 00:00:00,216.7
2014-09-01 00:00:00,216.7
2014-10-01 00:00:00,214.8
2014-11-01 00:00:00,213.3
2014-12-01 00:00:00,212.7
2015-01-01 00:00:00,211.3
2015-02-01 00:00:00,206.9
2015-03-01 00:00:00,205.4
2015-04-01 00:00:00,204.2
2015-05-01 00:00:00,204.0
2015-06-01 00:00:00,203.3
2015-07-01 00:00:00,200.6
2015-08-01 00:00:00,197.6
2015-09-01 00:00:00,196.4
2015-10-01 00:00:00,193.9
2015-11-01 00:00:00,190.7
2015-12-01 00:00:00,188.8
2016-01-01 00:00:00,188.1
2016-02-01 00:00:00,188.5
2016-03-01 00:00:00,190.3
2016-04-01 00:00:00,192.8
2016-05-01 00:00:00,195.4
2016-06-01 00:00:00,195.4
2016-07-01 00:00:00,196.7
2016-08-01 00:00:00,197.8
2016-09-01 00:00:00,196.3
2016-10-01 00:00:00,194.9
2016-11-01 00:00:00,196.5
2016-12-01 00:00:00,199.5
2017-01-01 00:00:00,202.2
2017-02-01 00:00:00,204.4
2017-03-01 00:00:00,206.2
2017-04-01 00:00:00,206.6
2017-05-01 00:00:00,207.0
2017-06-01 00:00:00,207.3
2017-07-01 00:00:00,207.8
2017-08-01 00:00:00,208.9
2017-09-01 00:00:00,211.2
2017-10-01 00:00:00,210.4
2017-11-01 00:00:00,210.3
2017-12-01 00:00:00,211.3
2018-01-01 00:00:00,214.6
2018-02-01 00:00:00,216.4
2018-03-01 00:00:00,219.3
2018-04-01 00:00:00,222.6
2018-05-01 00:00:00,225.5
2018-06-01 00:00:00,227.4
2018-07-01 00:00:00,226.9
2018-08-01 00:00:00,225.5
2018-09-01 00:00:00,225.3
2018-10-01 00:00:00,225.9
2018-11-01 00:00:00,226.6
2018-12-01 00:00:00,227.2
2019-01-01 00:00:00,226.1
2019-02-01 00:00:00,225.9
2019-03-01 00:00:00,227.5
2019-04-01 00:00:00,226.0
2019-05-01 00:00:00,223.5
2019-06-01 00:00:00,220.5
2019-07-01 00:00:00,220.1
2019-08-01 00:00:00,219.1
2019-09-01 00:00:00,217.9
2019-10-01 00:00:00,216.2
2019-11-01 00:00:00,215.5
2019-12-01 00:00:00,216.9
2020-01-01 00:00:00,219.8
2020-02-01 00:00:00,218.5
2020-03-01 00:00:00,219.2
2020-04-01 00:00:00,215.9
2020-05-01 00:00:00,214.3
2020-06-01 00:00:00,215.3
2020-07-01 00:00:00,216.3
2020-08-01 00:00:00,218.7
2020-09-01 00:00:00,221.4
2020-10-01 00:00:00,222.2
2020-11-01 00:00:00,224.4
2020-12-01 00:00:00,232.8
2021-01-01 00:00:00,241.5
2021-02-01 00:00:00,246.6
2021-03-01 00:00:00,260.0
2021-04-01 00:00:00,273.4
2021-05-01 00:00:00,283.8
2021-06-01 00:00:00,294.5
2021-07-01 00:00:00,305.713
2021-08-01 00:00:00,312.994
2021-09-01 00:00:00,318.335
2021-10-01 00:00:00,324.537
2021-11-01 00:00:00,332.097
2021-12-01 00:00:00,331.867
2022-01-01 00:00:00,334.372
2022-02-01 00:00:00,330.014
2022-03-01 00:00:00,336.023
2022-04-01 00:00:00,341.67
2022-05-01 00:00:00,345.243
2022-06-01 00:00:00,339.968
2022-07-01 00:00:00,328.864
2022-08-01 00:00:00,324.291
2022-09-01 00:00:00,316.229
2022-10-01 00:00:00,308.808
2022-11-01 00:00:00,308.255
2022-12-01 00:00:00,307.063
2023-01-01 00:00:00,309.964
2023-02-01 00:00:00,311.822
2023-03-01 00:00:00,314.568
2023-04-01 00:00:00,316.947
2023-05-01 00:00:00,318.434
2023-06-01 00:00:00,315.603
2023-07-01 00:00:00,310.956
2023-08-01 00:00:00,309.086
2023-09-01 00:00:00,306.748
2023-10-01 00:00:00,304.403
2023-11-01 00:00:00,304.046
2023-12-01 00:00:00,308.284
2024-01-01 00:00:00,312.26
2024-02-01 00:00:00,314.377
2024-03-01 00:00:00,307.579
2024-04-01 00:00:00,307.893
2024-05-01 00:00:00,311.85
2024-06-01 00:00:00,310.675
2024-07-01 00:00:00,308.59
2024-08-01 00:00:00,305.478
2024-09-01 00:00:00,304.976
2024-10-01 00:00:00,307.841
2024-11-01 00:00:00,308.632
2024-12-01 00:00:00,305.621
2025-01-01 00:00:00,306.869
2025-02-01 00:00:00,311.891
2025-03-01 00:00:00,320.721
2025-04-01 00:00:00,325.212
2025-05-01 00:00:00,329.961
2025-06-01 00:00:00,328.469
2025-07-01 00:00:00,331.281
2025-08-01 00:00:00,333.104
2025-09-01 00:00:00,332.765
2025-10-01 00:00:00,337.898
2025-11-01 00:00:00,342.87
2025-12-01 00:00:00,353.258
2026-01-01 00:00:00,362.207
2026-02-01 00:00:00,367.501
2026-03-01 00:00:00,370.936
