observation_date,AMTUNO
1992-02-01,82864.0
1992-03-01,86424.0
1992-04-01,90805.0
1992-05-01,91120.0
1992-06-01,88649.0
1992-07-01,87342.0
1992-08-01,85995.0
1992-09-01,86668.0
1992-10-01,93051.0
1992-11-01,87613.0
1992-12-01,91480.0
1993-01-01,85937.0
1993-02-01,92361.0
1993-03-01,90529.0
1993-04-01,91131.0
1993-05-01,89831.0
1993-06-01,93493.0
1993-07-01,92023.0
1993-08-01,94226.0
1993-09-01,90477.0
1993-10-01,94772.0
1993-11-01,92009.0
1993-12-01,94944.0
1994-01-01,98647.0
1994-02-01,97358.0
1994-03-01,96706.0
1994-04-01,99591.0
1994-05-01,101522.0
1994-06-01,103928.0
1994-07-01,103538.0
1994-08-01,103907.0
1994-09-01,104150.0
1994-10-01,107573.0
1994-11-01,107130.0
1994-12-01,108697.0
1995-01-01,107635.0
1995-02-01,110588.0
1995-03-01,110175.0
1995-04-01,108608.0
1995-05-01,111257.0
1995-06-01,108462.0
1995-07-01,107267.0
1995-08-01,112114.0
1995-09-01,116838.0
1995-10-01,112366.0
1995-11-01,113784.0
1995-12-01,119874.0
1996-01-01,114288.0
1996-02-01,109375.0
1996-03-01,122567.0
1996-04-01,112882.0
1996-05-01,119613.0
1996-06-01,118924.0
1996-07-01,117941.0
1996-08-01,112297.0
1996-09-01,118848.0
1996-10-01,119956.0
1996-11-01,124724.0
1996-12-01,117137.0
1997-01-01,114626.0
1997-02-01,122876.0
1997-03-01,119668.0
1997-04-01,125615.0
1997-05-01,120972.0
1997-06-01,126186.0
1997-07-01,127337.0
1997-08-01,127334.0
1997-09-01,128051.0
1997-10-01,128062.0
1997-11-01,139761.0
1997-12-01,122759.0
1998-01-01,125004.0
1998-02-01,129378.0
1998-03-01,124823.0
1998-04-01,129329.0
1998-05-01,128089.0
1998-06-01,123912.0
1998-07-01,122090.0
1998-08-01,127658.0
1998-09-01,129434.0
1998-10-01,125301.0
1998-11-01,128665.0
1998-12-01,124510.0
1999-01-01,132005.0
1999-02-01,129227.0
1999-03-01,129753.0
1999-04-01,128317.0
1999-05-01,130315.0
1999-06-01,127679.0
1999-07-01,134617.0
1999-08-01,133941.0
1999-09-01,133870.0
1999-10-01,139509.0
1999-11-01,131897.0
1999-12-01,141778.0
2000-01-01,144856.0
2000-02-01,130377.0
2000-03-01,137161.0
2000-04-01,139928.0
2000-05-01,135833.0
2000-06-01,165607.0
2000-07-01,137103.0
2000-08-01,138771.0
2000-09-01,145618.0
2000-10-01,134557.0
2000-11-01,139206.0
2000-12-01,137810.0
2001-01-01,129101.0
2001-02-01,130032.0
2001-03-01,131606.0
2001-04-01,123025.0
2001-05-01,126796.0
2001-06-01,126051.0
2001-07-01,120027.0
2001-08-01,120481.0
2001-09-01,115746.0
2001-10-01,122937.0
2001-11-01,114240.0
2001-12-01,114782.0
2002-01-01,112406.0
2002-02-01,122233.0
2002-03-01,118940.0
2002-04-01,118664.0
2002-05-01,119235.0
2002-06-01,113950.0
2002-07-01,120438.0
2002-08-01,122932.0
2002-09-01,115066.0
2002-10-01,115754.0
2002-11-01,117084.0
2002-12-01,112831.0
2003-01-01,116048.0
2003-02-01,121274.0
2003-03-01,119034.0
2003-04-01,117051.0
2003-05-01,118306.0
2003-06-01,119931.0
2003-07-01,117404.0
2003-08-01,119296.0
2003-09-01,121830.0
2003-10-01,127269.0
2003-11-01,125879.0
2003-12-01,126251.0
2004-01-01,124471.0
2004-02-01,126174.0
2004-03-01,132836.0
2004-04-01,127885.0
2004-05-01,128297.0
2004-06-01,129908.0
2004-07-01,134104.0
2004-08-01,127182.0
2004-09-01,132132.0
2004-10-01,129177.0
2004-11-01,135582.0
2004-12-01,135216.0
2005-01-01,137025.0
2005-02-01,138279.0
2005-03-01,130044.0
2005-04-01,135587.0
2005-05-01,148200.0
2005-06-01,151407.0
2005-07-01,136292.0
2005-08-01,145606.0
2005-09-01,142335.0
2005-10-01,148450.0
2005-11-01,160126.0
2005-12-01,159419.0
2006-01-01,146814.0
2006-02-01,156798.0
2006-03-01,163893.0
2006-04-01,154052.0
2006-05-01,153173.0
2006-06-01,158892.0
2006-07-01,152012.0
2006-08-01,150763.0
2006-09-01,176642.0
2006-10-01,158286.0
2006-11-01,165969.0
2006-12-01,166342.0
2007-01-01,163751.0
2007-02-01,161671.0
2007-03-01,169322.0
2007-04-01,173518.0
2007-05-01,168025.0
2007-06-01,168611.0
2007-07-01,172388.0
2007-08-01,174874.0
2007-09-01,167739.0
2007-10-01,171492.0
2007-11-01,168015.0
2007-12-01,186161.0
2008-01-01,180937.0
2008-02-01,177311.0
2008-03-01,179954.0
2008-04-01,175116.0
2008-05-01,172674.0
2008-06-01,174406.0
2008-07-01,167115.0
2008-08-01,161832.0
2008-09-01,162265.0
2008-10-01,141208.0
2008-11-01,132791.0
2008-12-01,127770.0
2009-01-01,108060.0
2009-02-01,105786.0
2009-03-01,103874.0
2009-04-01,105714.0
2009-05-01,108460.0
2009-06-01,107285.0
2009-07-01,111891.0
2009-08-01,114790.0
2009-09-01,114607.0
2009-10-01,117510.0
2009-11-01,115535.0
2009-12-01,115220.0
2010-01-01,134068.0
2010-02-01,135156.0
2010-03-01,135916.0
2010-04-01,135504.0
2010-05-01,141747.0
2010-06-01,137251.0
2010-07-01,137391.0
2010-08-01,141407.0
2010-09-01,151095.0
2010-10-01,142783.0
2010-11-01,147906.0
2010-12-01,143125.0
2011-01-01,152922.0
2011-02-01,146046.0
2011-03-01,160009.0
2011-04-01,150734.0
2011-05-01,157155.0
2011-06-01,150694.0
2011-07-01,153291.0
2011-08-01,164357.0
2011-09-01,153647.0
2011-10-01,157127.0
2011-11-01,162380.0
2011-12-01,170486.0
2012-01-01,171326.0
2012-02-01,171908.0
2012-03-01,166572.0
2012-04-01,161174.0
2012-05-01,162452.0
2012-06-01,161222.0
2012-07-01,165885.0
2012-08-01,144866.0
2012-09-01,161659.0
2012-10-01,162976.0
2012-11-01,160559.0
2012-12-01,174012.0
2013-01-01,164492.0
2013-02-01,173847.0
2013-03-01,158087.0
2013-04-01,166040.0
2013-05-01,176442.0
2013-06-01,186536.0
2013-07-01,161834.0
2013-08-01,164710.0
2013-09-01,177338.0
2013-10-01,170957.0
2013-11-01,179398.0
2013-12-01,176574.0
2014-01-01,164679.0
2014-02-01,169781.0
2014-03-01,173364.0
2014-04-01,175483.0
2014-05-01,170937.0
2014-06-01,174789.0
2014-07-01,235599.0
2014-08-01,172036.0
2014-09-01,171313.0
2014-10-01,168072.0
2014-11-01,166071.0
2014-12-01,160004.0
2015-01-01,162753.0
2015-02-01,154283.0
2015-03-01,163825.0
2015-04-01,160707.0
2015-05-01,153265.0
2015-06-01,162605.0
2015-07-01,161337.0
2015-08-01,156561.0
2015-09-01,151090.0
2015-10-01,161269.0
2015-11-01,157994.0
2015-12-01,151921.0
2016-01-01,162249.0
2016-02-01,149769.0
2016-03-01,152894.0
2016-04-01,163492.0
2016-05-01,158450.0
2016-06-01,142210.0
2016-07-01,152051.0
2016-08-01,153271.0
2016-09-01,152904.0
2016-10-01,169835.0
2016-11-01,152916.0
2016-12-01,154938.0
2017-01-01,154093.0
2017-02-01,157686.0
2017-03-01,159037.0
2017-04-01,161089.0
2017-05-01,157433.0
2017-06-01,172918.0
2017-07-01,155390.0
2017-08-01,157334.0
2017-09-01,165035.0
2017-10-01,162792.0
2017-11-01,164290.0
2017-12-01,175659.0
2018-01-01,161169.0
2018-02-01,169545.0
2018-03-01,177337.0
2018-04-01,174106.0
2018-05-01,177136.0
2018-06-01,175877.0
2018-07-01,166767.0
2018-08-01,177046.0
2018-09-01,179587.0
2018-10-01,169530.0
2018-11-01,167290.0
2018-12-01,174481.0
2019-01-01,167181.0
2019-02-01,162402.0
2019-03-01,171587.0
2019-04-01,164971.0
2019-05-01,156269.0
2019-06-01,155854.0
2019-07-01,161058.0
2019-08-01,162346.0
2019-09-01,159298.0
2019-10-01,159898.0
2019-11-01,153045.0
2019-12-01,157252.0
2020-01-01,168713.0
2020-02-01,173859.0
2020-03-01,147549.0
2020-04-01,126812.0
2020-05-01,141437.0
2020-06-01,139552.0
2020-07-01,151268.0
2020-08-01,155412.0
2020-09-01,158064.0
2020-10-01,164539.0
2020-11-01,164243.0
2020-12-01,168704.0
2021-01-01,175112.0
2021-02-01,180756.0
2021-03-01,182025.0
2021-04-01,183717.0
2021-05-01,183117.0
2021-06-01,188373.0
2021-07-01,186341.0
2021-08-01,192544.0
2021-09-01,188582.0
2021-10-01,189985.0
2021-11-01,193189.0
2021-12-01,199742.0
2022-01-01,202659.0
2022-02-01,198151.0
2022-03-01,196463.0
2022-04-01,197657.0
2022-05-01,197076.0
2022-06-01,202111.0
2022-07-01,201163.0
2022-08-01,198781.0
2022-09-01,197056.0
2022-10-01,201656.0
2022-11-01,193338.0
2022-12-01,206946.0
2023-01-01,200916.0
2023-02-01,194716.0
2023-03-01,204710.0
2023-04-01,205598.0
2023-05-01,203051.0
2023-06-01,217162.0
2023-07-01,205090.0
2023-08-01,201061.0
2023-09-01,211069.0
2023-10-01,201147.0
2023-11-01,212598.0
2023-12-01,217607.0
2024-01-01,193682.0
2024-02-01,195425.0
2024-03-01,198658.0
2024-04-01,197574.0
2024-05-01,197377.0
2024-06-01,192685.0
2024-07-01,206610.0
2024-08-01,202230.0
2024-09-01,204325.0
2024-10-01,205967.0
2024-11-01,201358.0
2024-12-01,203787.0
2025-01-01,205823.0
2025-02-01,205942.0
2025-03-01,226791.0
2025-04-01,207823.0
2025-05-01,256498.0
2025-06-01,223137.0
2025-07-01,214152.0
2025-08-01,222999.0
2025-09-01,224891.0
2025-10-01,218619.0
2025-11-01,235768.0
2025-12-01,232232.0
2026-01-01,229892.0
2026-02-01,223698.0
